"Reference","Quantity_per_board","Manufacturer","MPN","Value_from_manifest","Footprint","Package","Mount","Category","Functional_block","Purpose","Specification","Source_URL","Source_basis","Procurement_status","Release_status"
"C1","1","Panasonic","EEUFR1H102","1000uF50V20%","Capacitor_THT:CP_Radial_D16.0mm_P7.50mm","CP_Radial_D16.0mm_P7.50mm","THT","Capacitor","Input protection, feed, bulk and bleed","VM main bulk storage","1000 uF; 50 V; 20%; radial D16 x L25 mm; pitch 7.5 mm","https://industrial.panasonic.com/sa/products/pt/aluminum-cap-lead/models/EEUFR1H102","Manufacturer part-specific document/page reviewed; procurement unconfirmed","UNCONFIRMED - no stock, price, supplier, purchase or assembler acceptance check","DRAFT - NOT RELEASED FOR FABRICATION"
"C2","1","Panasonic","EEUFR1H102","1000uF50V20%","Capacitor_THT:CP_Radial_D16.0mm_P7.50mm","CP_Radial_D16.0mm_P7.50mm","THT","Capacitor","Input protection, feed, bulk and bleed","VM main bulk storage","1000 uF; 50 V; 20%; radial D16 x L25 mm; pitch 7.5 mm","https://industrial.panasonic.com/sa/products/pt/aluminum-cap-lead/models/EEUFR1H102","Manufacturer part-specific document/page reviewed; procurement unconfirmed","UNCONFIRMED - no stock, price, supplier, purchase or assembler acceptance check","DRAFT - NOT RELEASED FOR FABRICATION"
"C11","1","KEMET","C0805C104K5RACTU","100nF 50V X7R","Capacitor_SMD:C_0805_2012Metric","C_0805_2012Metric","SMD","Capacitor","VM window monitor","Local PI_3V3 bypass for U11","100 nF; 50 V; X7R; 10%; 0805","https://search.kemet.com/component-documentation/download/specsheet/C0805C104K5RACTU","Manufacturer source retained from prior reviewed BOM; procurement unconfirmed","UNCONFIRMED - no stock, price, supplier, purchase or assembler acceptance check","DRAFT - NOT RELEASED FOR FABRICATION"
"C12","1","KEMET","C0805C104K5RACTU","100nF 50V X7R","Capacitor_SMD:C_0805_2012Metric","C_0805_2012Metric","SMD","Capacitor","Sleep/feed qualification","Local PI_3V3 bypass for U14","100 nF; 50 V; X7R; 10%; 0805","https://search.kemet.com/component-documentation/download/specsheet/C0805C104K5RACTU","Manufacturer source retained from prior reviewed BOM; procurement unconfirmed","UNCONFIRMED - no stock, price, supplier, purchase or assembler acceptance check","DRAFT - NOT RELEASED FOR FABRICATION"
"C13","1","KEMET","C0805C104K5RACTU","100nF 50V X7R","Capacitor_SMD:C_0805_2012Metric","C_0805_2012Metric","SMD","Capacitor","PWM/DIR decode and input conditioning","Local PI_3V3 bypass for U15","100 nF; 50 V; X7R; 10%; 0805","https://search.kemet.com/component-documentation/download/specsheet/C0805C104K5RACTU","Manufacturer source retained from prior reviewed BOM; procurement unconfirmed","UNCONFIRMED - no stock, price, supplier, purchase or assembler acceptance check","DRAFT - NOT RELEASED FOR FABRICATION"
"C14","1","KEMET","C0805C104K5RACTU","100nF 50V X7R","Capacitor_SMD:C_0805_2012Metric","C_0805_2012Metric","SMD","Capacitor","PWM/DIR decode and input conditioning","Local PI_3V3 bypass for U16","100 nF; 50 V; X7R; 10%; 0805","https://search.kemet.com/component-documentation/download/specsheet/C0805C104K5RACTU","Manufacturer source retained from prior reviewed BOM; procurement unconfirmed","UNCONFIRMED - no stock, price, supplier, purchase or assembler acceptance check","DRAFT - NOT RELEASED FOR FABRICATION"
"C20","1","Panasonic","EEUFR1H221","220uF50V20%","Capacitor_THT:CP_Radial_D10.0mm_P5.00mm","CP_Radial_D10.0mm_P5.00mm","THT","Capacitor","Drivers and local support","front-left VM local electrolytic bulk","220 uF; 50 V; 20%; radial D10 x L16 mm; pitch 5 mm","https://industrial.panasonic.com/ww/products/pt/aluminum-cap-lead/models/EEUFR1H221","Manufacturer part-specific document/page reviewed; procurement unconfirmed","UNCONFIRMED - no stock, price, supplier, purchase or assembler acceptance check","DRAFT - NOT RELEASED FOR FABRICATION"
"C21","1","KEMET","C0805C104K5RACTU","100nF 50V X7R","Capacitor_SMD:C_0805_2012Metric","C_0805_2012Metric","SMD","Capacitor","Drivers and local support","front-left VM ceramic bypass","100 nF; 50 V; X7R; 10%; 0805","https://search.kemet.com/component-documentation/download/specsheet/C0805C104K5RACTU","Manufacturer source retained from prior reviewed BOM; procurement unconfirmed","UNCONFIRMED - no stock, price, supplier, purchase or assembler acceptance check","DRAFT - NOT RELEASED FOR FABRICATION"
"C22","1","KEMET","C0805C104K5RACTU","100nF 50V X7R","Capacitor_SMD:C_0805_2012Metric","C_0805_2012Metric","SMD","Capacitor","Drivers and local support","front-left VCP-to-VM charge-pump reservoir","100 nF; 50 V; X7R; 10%; 0805","https://search.kemet.com/component-documentation/download/specsheet/C0805C104K5RACTU","Manufacturer source retained from prior reviewed BOM; procurement unconfirmed","UNCONFIRMED - no stock, price, supplier, purchase or assembler acceptance check","DRAFT - NOT RELEASED FOR FABRICATION"
"C23","1","KEMET","C0805C223K5RACTU","22nF 50V X7R","Capacitor_SMD:C_0805_2012Metric","C_0805_2012Metric","SMD","Capacitor","Drivers and local support","front-left CPH-to-CPL charge-pump flying capacitor","22 nF; 50 V; X7R; 10%; 0805","https://search.kemet.com/component-documentation/download/specsheet/C0805C223K5RACTU","Manufacturer part-specific document/page reviewed; procurement unconfirmed","UNCONFIRMED - no stock, price, supplier, purchase or assembler acceptance check","DRAFT - NOT RELEASED FOR FABRICATION"
"C24","1","KEMET","C0805C104K5RACTU","100nF 50V X7R","Capacitor_SMD:C_0805_2012Metric","C_0805_2012Metric","SMD","Capacitor","Drivers and local support","front-left VREF filter","100 nF; 50 V; X7R; 10%; 0805","https://search.kemet.com/component-documentation/download/specsheet/C0805C104K5RACTU","Manufacturer source retained from prior reviewed BOM; procurement unconfirmed","UNCONFIRMED - no stock, price, supplier, purchase or assembler acceptance check","DRAFT - NOT RELEASED FOR FABRICATION"
"C25","1","Panasonic","EEUFR1H221","220uF50V20%","Capacitor_THT:CP_Radial_D10.0mm_P5.00mm","CP_Radial_D10.0mm_P5.00mm","THT","Capacitor","Drivers and local support","front-right VM local electrolytic bulk","220 uF; 50 V; 20%; radial D10 x L16 mm; pitch 5 mm","https://industrial.panasonic.com/ww/products/pt/aluminum-cap-lead/models/EEUFR1H221","Manufacturer part-specific document/page reviewed; procurement unconfirmed","UNCONFIRMED - no stock, price, supplier, purchase or assembler acceptance check","DRAFT - NOT RELEASED FOR FABRICATION"
"C26","1","KEMET","C0805C104K5RACTU","100nF 50V X7R","Capacitor_SMD:C_0805_2012Metric","C_0805_2012Metric","SMD","Capacitor","Drivers and local support","front-right VM ceramic bypass","100 nF; 50 V; X7R; 10%; 0805","https://search.kemet.com/component-documentation/download/specsheet/C0805C104K5RACTU","Manufacturer source retained from prior reviewed BOM; procurement unconfirmed","UNCONFIRMED - no stock, price, supplier, purchase or assembler acceptance check","DRAFT - NOT RELEASED FOR FABRICATION"
"C27","1","KEMET","C0805C104K5RACTU","100nF 50V X7R","Capacitor_SMD:C_0805_2012Metric","C_0805_2012Metric","SMD","Capacitor","Drivers and local support","front-right VCP-to-VM charge-pump reservoir","100 nF; 50 V; X7R; 10%; 0805","https://search.kemet.com/component-documentation/download/specsheet/C0805C104K5RACTU","Manufacturer source retained from prior reviewed BOM; procurement unconfirmed","UNCONFIRMED - no stock, price, supplier, purchase or assembler acceptance check","DRAFT - NOT RELEASED FOR FABRICATION"
"C28","1","KEMET","C0805C223K5RACTU","22nF 50V X7R","Capacitor_SMD:C_0805_2012Metric","C_0805_2012Metric","SMD","Capacitor","Drivers and local support","front-right CPH-to-CPL charge-pump flying capacitor","22 nF; 50 V; X7R; 10%; 0805","https://search.kemet.com/component-documentation/download/specsheet/C0805C223K5RACTU","Manufacturer part-specific document/page reviewed; procurement unconfirmed","UNCONFIRMED - no stock, price, supplier, purchase or assembler acceptance check","DRAFT - NOT RELEASED FOR FABRICATION"
"C29","1","KEMET","C0805C104K5RACTU","100nF 50V X7R","Capacitor_SMD:C_0805_2012Metric","C_0805_2012Metric","SMD","Capacitor","Drivers and local support","front-right VREF filter","100 nF; 50 V; X7R; 10%; 0805","https://search.kemet.com/component-documentation/download/specsheet/C0805C104K5RACTU","Manufacturer source retained from prior reviewed BOM; procurement unconfirmed","UNCONFIRMED - no stock, price, supplier, purchase or assembler acceptance check","DRAFT - NOT RELEASED FOR FABRICATION"
"C30","1","Panasonic","EEUFR1H221","220uF50V20%","Capacitor_THT:CP_Radial_D10.0mm_P5.00mm","CP_Radial_D10.0mm_P5.00mm","THT","Capacitor","Drivers and local support","back-left VM local electrolytic bulk","220 uF; 50 V; 20%; radial D10 x L16 mm; pitch 5 mm","https://industrial.panasonic.com/ww/products/pt/aluminum-cap-lead/models/EEUFR1H221","Manufacturer part-specific document/page reviewed; procurement unconfirmed","UNCONFIRMED - no stock, price, supplier, purchase or assembler acceptance check","DRAFT - NOT RELEASED FOR FABRICATION"
"C31","1","KEMET","C0805C104K5RACTU","100nF 50V X7R","Capacitor_SMD:C_0805_2012Metric","C_0805_2012Metric","SMD","Capacitor","Drivers and local support","back-left VM ceramic bypass","100 nF; 50 V; X7R; 10%; 0805","https://search.kemet.com/component-documentation/download/specsheet/C0805C104K5RACTU","Manufacturer source retained from prior reviewed BOM; procurement unconfirmed","UNCONFIRMED - no stock, price, supplier, purchase or assembler acceptance check","DRAFT - NOT RELEASED FOR FABRICATION"
"C32","1","KEMET","C0805C104K5RACTU","100nF 50V X7R","Capacitor_SMD:C_0805_2012Metric","C_0805_2012Metric","SMD","Capacitor","Drivers and local support","back-left VCP-to-VM charge-pump reservoir","100 nF; 50 V; X7R; 10%; 0805","https://search.kemet.com/component-documentation/download/specsheet/C0805C104K5RACTU","Manufacturer source retained from prior reviewed BOM; procurement unconfirmed","UNCONFIRMED - no stock, price, supplier, purchase or assembler acceptance check","DRAFT - NOT RELEASED FOR FABRICATION"
"C33","1","KEMET","C0805C223K5RACTU","22nF 50V X7R","Capacitor_SMD:C_0805_2012Metric","C_0805_2012Metric","SMD","Capacitor","Drivers and local support","back-left CPH-to-CPL charge-pump flying capacitor","22 nF; 50 V; X7R; 10%; 0805","https://search.kemet.com/component-documentation/download/specsheet/C0805C223K5RACTU","Manufacturer part-specific document/page reviewed; procurement unconfirmed","UNCONFIRMED - no stock, price, supplier, purchase or assembler acceptance check","DRAFT - NOT RELEASED FOR FABRICATION"
"C34","1","KEMET","C0805C104K5RACTU","100nF 50V X7R","Capacitor_SMD:C_0805_2012Metric","C_0805_2012Metric","SMD","Capacitor","Drivers and local support","back-left VREF filter","100 nF; 50 V; X7R; 10%; 0805","https://search.kemet.com/component-documentation/download/specsheet/C0805C104K5RACTU","Manufacturer source retained from prior reviewed BOM; procurement unconfirmed","UNCONFIRMED - no stock, price, supplier, purchase or assembler acceptance check","DRAFT - NOT RELEASED FOR FABRICATION"
"C35","1","Panasonic","EEUFR1H221","220uF50V20%","Capacitor_THT:CP_Radial_D10.0mm_P5.00mm","CP_Radial_D10.0mm_P5.00mm","THT","Capacitor","Drivers and local support","back-right VM local electrolytic bulk","220 uF; 50 V; 20%; radial D10 x L16 mm; pitch 5 mm","https://industrial.panasonic.com/ww/products/pt/aluminum-cap-lead/models/EEUFR1H221","Manufacturer part-specific document/page reviewed; procurement unconfirmed","UNCONFIRMED - no stock, price, supplier, purchase or assembler acceptance check","DRAFT - NOT RELEASED FOR FABRICATION"
"C36","1","KEMET","C0805C104K5RACTU","100nF 50V X7R","Capacitor_SMD:C_0805_2012Metric","C_0805_2012Metric","SMD","Capacitor","Drivers and local support","back-right VM ceramic bypass","100 nF; 50 V; X7R; 10%; 0805","https://search.kemet.com/component-documentation/download/specsheet/C0805C104K5RACTU","Manufacturer source retained from prior reviewed BOM; procurement unconfirmed","UNCONFIRMED - no stock, price, supplier, purchase or assembler acceptance check","DRAFT - NOT RELEASED FOR FABRICATION"
"C37","1","KEMET","C0805C104K5RACTU","100nF 50V X7R","Capacitor_SMD:C_0805_2012Metric","C_0805_2012Metric","SMD","Capacitor","Drivers and local support","back-right VCP-to-VM charge-pump reservoir","100 nF; 50 V; X7R; 10%; 0805","https://search.kemet.com/component-documentation/download/specsheet/C0805C104K5RACTU","Manufacturer source retained from prior reviewed BOM; procurement unconfirmed","UNCONFIRMED - no stock, price, supplier, purchase or assembler acceptance check","DRAFT - NOT RELEASED FOR FABRICATION"
"C38","1","KEMET","C0805C223K5RACTU","22nF 50V X7R","Capacitor_SMD:C_0805_2012Metric","C_0805_2012Metric","SMD","Capacitor","Drivers and local support","back-right CPH-to-CPL charge-pump flying capacitor","22 nF; 50 V; X7R; 10%; 0805","https://search.kemet.com/component-documentation/download/specsheet/C0805C223K5RACTU","Manufacturer part-specific document/page reviewed; procurement unconfirmed","UNCONFIRMED - no stock, price, supplier, purchase or assembler acceptance check","DRAFT - NOT RELEASED FOR FABRICATION"
"C39","1","KEMET","C0805C104K5RACTU","100nF 50V X7R","Capacitor_SMD:C_0805_2012Metric","C_0805_2012Metric","SMD","Capacitor","Drivers and local support","back-right VREF filter","100 nF; 50 V; X7R; 10%; 0805","https://search.kemet.com/component-documentation/download/specsheet/C0805C104K5RACTU","Manufacturer source retained from prior reviewed BOM; procurement unconfirmed","UNCONFIRMED - no stock, price, supplier, purchase or assembler acceptance check","DRAFT - NOT RELEASED FOR FABRICATION"
"C40","1","KEMET","C1206C225K5RACTU","2.2uF50V X7R10%","Capacitor_SMD:C_1206_3216Metric","C_1206_3216Metric","SMD","Capacitor","Input protection, feed, bulk and bleed","eFuse output-ramp dV/dt programming","2.2 uF; 50 V; X7R; 10%; 1206","https://search.kemet.com/component-documentation/download/specsheet/C1206C225K5RACTU","Manufacturer part-specific document/page reviewed; procurement unconfirmed","UNCONFIRMED - no stock, price, supplier, purchase or assembler acceptance check","DRAFT - NOT RELEASED FOR FABRICATION"
"C41","1","KEMET","C1206C105K1RACTU","1uF100V X7R10%","Capacitor_SMD:C_1206_3216Metric","C_1206_3216Metric","SMD","Capacitor","Input protection, feed, bulk and bleed","Fused input local bypass","1 uF; 100 V; X7R; 10%; 1206","https://search.kemet.com/component-documentation/download/specsheet/C1206C105K1RACTU","Manufacturer part-specific document/page reviewed; procurement unconfirmed","UNCONFIRMED - no stock, price, supplier, purchase or assembler acceptance check","DRAFT - NOT RELEASED FOR FABRICATION"
"C42","1","KEMET","C1206C105K1RACTU","1uF100V X7R10%","Capacitor_SMD:C_1206_3216Metric","C_1206_3216Metric","SMD","Capacitor","Input protection, feed, bulk and bleed","Post reverse-block input local bypass","1 uF; 100 V; X7R; 10%; 1206","https://search.kemet.com/component-documentation/download/specsheet/C1206C105K1RACTU","Manufacturer part-specific document/page reviewed; procurement unconfirmed","UNCONFIRMED - no stock, price, supplier, purchase or assembler acceptance check","DRAFT - NOT RELEASED FOR FABRICATION"
"C100","1","Murata","GRM1885C1H102JA01D","1nF","Capacitor_SMD:C_0603_1608Metric","C_0603_1608Metric","SMD","Capacitor","Physical inhibit and filter","Physical switch input filter","1 nF; 50 V; C0G; 5%; 0603; archived manufacturer-authored exact-code source retained in source registry","https://www.murata.com/-/media/webrenewal/tool/library/common-pdf/static-model/component-list-s-mlcc-2506.ashx?cvid=20250805040438000000&la=ko-kr","Manufacturer list confirms base GRM1885C1H102JA01; exact D delivery suffix not refreshed; procurement unconfirmed","UNCONFIRMED - no stock, price, supplier, purchase or assembler acceptance check","DRAFT - NOT RELEASED FOR FABRICATION"
"C101","1","YAGEO","CC0603KRX7R9BB104","100nF","Capacitor_SMD:C_0603_1608Metric","C_0603_1608Metric","SMD","Capacitor","PWM/DIR decode and input conditioning","Local PI_3V3 bypass for U3","100 nF; 50 V; X7R; 10%; 0603","https://yageogroup.com/download/specsheet/CC0603KRX7R9BB104","Manufacturer source retained from prior reviewed BOM; procurement unconfirmed","UNCONFIRMED - no stock, price, supplier, purchase or assembler acceptance check","DRAFT - NOT RELEASED FOR FABRICATION"
"C102","1","YAGEO","CC0603KRX7R9BB104","100nF","Capacitor_SMD:C_0603_1608Metric","C_0603_1608Metric","SMD","Capacitor","Watchdog","Local PI_3V3 bypass for U4","100 nF; 50 V; X7R; 10%; 0603","https://yageogroup.com/download/specsheet/CC0603KRX7R9BB104","Manufacturer source retained from prior reviewed BOM; procurement unconfirmed","UNCONFIRMED - no stock, price, supplier, purchase or assembler acceptance check","DRAFT - NOT RELEASED FOR FABRICATION"
"C103","1","YAGEO","CC0603KRX7R9BB104","100nF","Capacitor_SMD:C_0603_1608Metric","C_0603_1608Metric","SMD","Capacitor","Arm latch and permission gates","Local PI_3V3 bypass for U5","100 nF; 50 V; X7R; 10%; 0603","https://yageogroup.com/download/specsheet/CC0603KRX7R9BB104","Manufacturer source retained from prior reviewed BOM; procurement unconfirmed","UNCONFIRMED - no stock, price, supplier, purchase or assembler acceptance check","DRAFT - NOT RELEASED FOR FABRICATION"
"C104","1","YAGEO","CC0603KRX7R9BB104","100nF","Capacitor_SMD:C_0603_1608Metric","C_0603_1608Metric","SMD","Capacitor","Arm latch and permission gates","Local PI_3V3 bypass for U6","100 nF; 50 V; X7R; 10%; 0603","https://yageogroup.com/download/specsheet/CC0603KRX7R9BB104","Manufacturer source retained from prior reviewed BOM; procurement unconfirmed","UNCONFIRMED - no stock, price, supplier, purchase or assembler acceptance check","DRAFT - NOT RELEASED FOR FABRICATION"
"C105","1","YAGEO","CC0603KRX7R9BB104","100nF","Capacitor_SMD:C_0603_1608Metric","C_0603_1608Metric","SMD","Capacitor","Logic-rail supervisor","Local PI_3V3 bypass for U7","100 nF; 50 V; X7R; 10%; 0603","https://yageogroup.com/download/specsheet/CC0603KRX7R9BB104","Manufacturer source retained from prior reviewed BOM; procurement unconfirmed","UNCONFIRMED - no stock, price, supplier, purchase or assembler acceptance check","DRAFT - NOT RELEASED FOR FABRICATION"
"C106","1","YAGEO","CC0603KRX7R9BB104","100nF","Capacitor_SMD:C_0603_1608Metric","C_0603_1608Metric","SMD","Capacitor","RUN/ARM/HB and fault conditioning","Local PI_3V3 bypass for U8","100 nF; 50 V; X7R; 10%; 0603","https://yageogroup.com/download/specsheet/CC0603KRX7R9BB104","Manufacturer source retained from prior reviewed BOM; procurement unconfirmed","UNCONFIRMED - no stock, price, supplier, purchase or assembler acceptance check","DRAFT - NOT RELEASED FOR FABRICATION"
"C107","1","YAGEO","CC0603KRX7R9BB104","100nF","Capacitor_SMD:C_0603_1608Metric","C_0603_1608Metric","SMD","Capacitor","RUN/ARM/HB and fault conditioning","Local PI_3V3 bypass for U9","100 nF; 50 V; X7R; 10%; 0603","https://yageogroup.com/download/specsheet/CC0603KRX7R9BB104","Manufacturer source retained from prior reviewed BOM; procurement unconfirmed","UNCONFIRMED - no stock, price, supplier, purchase or assembler acceptance check","DRAFT - NOT RELEASED FOR FABRICATION"
"C109","1","YAGEO","CC0603KRX7R9BB104","100nF","Capacitor_SMD:C_0603_1608Metric","C_0603_1608Metric","SMD","Capacitor","RUN/ARM/HB and fault conditioning","Local PI_3V3 bypass for U12","100 nF; 50 V; X7R; 10%; 0603","https://yageogroup.com/download/specsheet/CC0603KRX7R9BB104","Manufacturer source retained from prior reviewed BOM; procurement unconfirmed","UNCONFIRMED - no stock, price, supplier, purchase or assembler acceptance check","DRAFT - NOT RELEASED FOR FABRICATION"
"D1","1","Littelfuse","SMBJ24CA","24V bidirectional input TVS","Diode_SMD:D_SMB","D_SMB","SMD","Diode","Input protection, feed, bulk and bleed","Bidirectional input transient suppression","24 V standoff; bidirectional; SMB","https://www.littelfuse.com/assetdocs/tvs-diodes-smbj-series-datasheet?assetguid=ba555e99-a12d-4f72-a0b6-86b06c67171e","Manufacturer family datasheet and ordering format reviewed; exact orderability unconfirmed","UNCONFIRMED - no stock, price, supplier, purchase or assembler acceptance check","DRAFT - NOT RELEASED FOR FABRICATION"
"D2","1","Littelfuse","SMBJ18A","18V unidirectional VM TVS","Diode_SMD:D_SMB","D_SMB","SMD","Diode","Input protection, feed, bulk and bleed","Unidirectional VM transient suppression","18 V standoff; unidirectional; SMB; cathode to VM","https://www.littelfuse.com/assetdocs/tvs-diodes-smbj-series-datasheet?assetguid=ba555e99-a12d-4f72-a0b6-86b06c67171e","Manufacturer family datasheet and ordering format reviewed; exact orderability unconfirmed","UNCONFIRMED - no stock, price, supplier, purchase or assembler acceptance check","DRAFT - NOT RELEASED FOR FABRICATION"
"F1","1","Littelfuse","0451003.MRL","3A 125V","AI_Robot:Fuse_Littelfuse_451","Fuse_Littelfuse_451","SMD","Fuse","Input protection, feed, bulk and bleed","3 A input backup fuse; not individual motor regulation","3 A; 125 V; non-resettable; not a per-channel electronic current limiter","https://www.littelfuse.com/assetdocs/fuse-451-and-453-datasheet?assetguid=533cd5cc-956c-4243-867f-6ab5a62f6ba1","Manufacturer family datasheet and ordering format reviewed; exact orderability unconfirmed","UNCONFIRMED - no stock, price, supplier, purchase or assembler acceptance check","DRAFT - NOT RELEASED FOR FABRICATION"
"J1","1","Phoenix Contact","1757242","Phoenix MSTBA2.5/2-G5.08","Connector_Phoenix_MSTB:PhoenixContact_MSTBA_2,5_2-G-5,08_1x02_P5.08mm_Horizontal","PhoenixContact_MSTBA_2,5_2-G-5,08_1x02_P5.08mm_Horizontal","THT","Connector","Board connectors","Provisional 9-15 V motor supply input","2-position board header; 5.08 mm pitch; separate off-board mating plug 1757019 excluded","https://www.phoenixcontact.com/en-de/products/pcb-header-mstba-25-2-g-508-1757242?type=pdf","Manufacturer source retained from prior reviewed BOM; procurement unconfirmed","UNCONFIRMED - no stock, price, supplier, purchase or assembler acceptance check","DRAFT - NOT RELEASED FOR FABRICATION"
"J2","1","Phoenix Contact","1757242","Phoenix MSTBA2.5/2-G5.08","Connector_Phoenix_MSTB:PhoenixContact_MSTBA_2,5_2-G-5,08_1x02_P5.08mm_Horizontal","PhoenixContact_MSTBA_2,5_2-G-5,08_1x02_P5.08mm_Horizontal","THT","Connector","Board connectors","Front-left motor output","2-position board header; 5.08 mm pitch; separate off-board mating plug 1757019 excluded","https://www.phoenixcontact.com/en-de/products/pcb-header-mstba-25-2-g-508-1757242?type=pdf","Manufacturer source retained from prior reviewed BOM; procurement unconfirmed","UNCONFIRMED - no stock, price, supplier, purchase or assembler acceptance check","DRAFT - NOT RELEASED FOR FABRICATION"
"J3","1","Phoenix Contact","1757242","Phoenix MSTBA2.5/2-G5.08","Connector_Phoenix_MSTB:PhoenixContact_MSTBA_2,5_2-G-5,08_1x02_P5.08mm_Horizontal","PhoenixContact_MSTBA_2,5_2-G-5,08_1x02_P5.08mm_Horizontal","THT","Connector","Board connectors","Front-right motor output","2-position board header; 5.08 mm pitch; separate off-board mating plug 1757019 excluded","https://www.phoenixcontact.com/en-de/products/pcb-header-mstba-25-2-g-508-1757242?type=pdf","Manufacturer source retained from prior reviewed BOM; procurement unconfirmed","UNCONFIRMED - no stock, price, supplier, purchase or assembler acceptance check","DRAFT - NOT RELEASED FOR FABRICATION"
"J4","1","Phoenix Contact","1757242","Phoenix MSTBA2.5/2-G5.08","Connector_Phoenix_MSTB:PhoenixContact_MSTBA_2,5_2-G-5,08_1x02_P5.08mm_Horizontal","PhoenixContact_MSTBA_2,5_2-G-5,08_1x02_P5.08mm_Horizontal","THT","Connector","Board connectors","Back-left motor output","2-position board header; 5.08 mm pitch; separate off-board mating plug 1757019 excluded","https://www.phoenixcontact.com/en-de/products/pcb-header-mstba-25-2-g-508-1757242?type=pdf","Manufacturer source retained from prior reviewed BOM; procurement unconfirmed","UNCONFIRMED - no stock, price, supplier, purchase or assembler acceptance check","DRAFT - NOT RELEASED FOR FABRICATION"
"J5","1","Phoenix Contact","1757242","Phoenix MSTBA2.5/2-G5.08","Connector_Phoenix_MSTB:PhoenixContact_MSTBA_2,5_2-G-5,08_1x02_P5.08mm_Horizontal","PhoenixContact_MSTBA_2,5_2-G-5,08_1x02_P5.08mm_Horizontal","THT","Connector","Board connectors","Back-right motor output","2-position board header; 5.08 mm pitch; separate off-board mating plug 1757019 excluded","https://www.phoenixcontact.com/en-de/products/pcb-header-mstba-25-2-g-508-1757242?type=pdf","Manufacturer source retained from prior reviewed BOM; procurement unconfirmed","UNCONFIRMED - no stock, price, supplier, purchase or assembler acceptance check","DRAFT - NOT RELEASED FOR FABRICATION"
"J6","1","Wurth Elektronik","61201621621","Pi logic / IDC16","AI_Robot:IDC_Wurth_61201621621","IDC_Wurth_61201621621","THT","Connector","Board connectors","Pi 16-pin logic harness: paired PWM/DIR, RUN, ARM, HB; pins 6 and 10 NC; pin 15 GND","16-pin shrouded 2.54 mm logic header; custom footprint; not Pi 40-pin compatible","https://www.we-online.com/components/products/datasheet/61201621621.pdf","Manufacturer source retained from prior reviewed BOM; procurement unconfirmed","UNCONFIRMED - no stock, price, supplier, purchase or assembler acceptance check","DRAFT - NOT RELEASED FOR FABRICATION"
"Q1","1","Texas Instruments","CSD19537Q3","100V N-MOS","AI_Robot:CSD19537Q3_Texas_Q3","CSD19537Q3_Texas_Q3","SMD","Transistor","Input protection, feed, bulk and bleed","External N-MOS reverse blocking controlled by eFuse; drain EFUSE_IN","Use exact package suffix and project-reviewed pin map; no family-only substitution","https://www.ti.com/lit/gpn/csd19537q3","Manufacturer family datasheet and ordering format reviewed; exact orderability unconfirmed","UNCONFIRMED - no stock, price, supplier, purchase or assembler acceptance check","DRAFT - NOT RELEASED FOR FABRICATION"
"Q2","1","onsemi","BSS138","50V signal N-MOS","Package_TO_SOT_SMD:SOT-23","SOT-23","SMD","Transistor","Input protection, feed, bulk and bleed","Auxiliary reverse-input gate control; source FUSED_IN","SOT-23-3; pin 1 gate, 2 source, 3 drain; source is FUSED_IN, not ground","https://www.onsemi.com/pdf/datasheet/bss138-d.pdf","Manufacturer family datasheet and ordering format reviewed; exact orderability unconfirmed","UNCONFIRMED - no stock, price, supplier, purchase or assembler acceptance check","DRAFT - NOT RELEASED FOR FABRICATION"
"R5","1","Vishay","PR02000206800JA100","680R 5% 2W","Resistor_THT:R_Axial_DIN0414_L11.9mm_D4.5mm_P15.24mm_Horizontal","R_Axial_DIN0414_L11.9mm_D4.5mm_P15.24mm_Horizontal","THT","Resistor","Input protection, feed, bulk and bleed","VM discharge/bleed resistor","680 ohm; 5%; PR02 2 W copper-lead version; formed axial lead pitch 15.24 mm","https://www.vishay.com/docs/28729/pr010203.pdf","Manufacturer family datasheet and ordering format reviewed; exact orderability unconfirmed","UNCONFIRMED - no stock, price, supplier, purchase or assembler acceptance check","DRAFT - NOT RELEASED FOR FABRICATION"
"R6","1","Vishay","TNPW0805200KBEEA","200k 0.1% 25ppm/K","Resistor_SMD:R_0805_2012Metric","R_0805_2012Metric","SMD","Resistor","VM window monitor","VM undervoltage divider upper leg","0805 thin film; 0.1%; 25 ppm/K; full ordering code retained","https://www.vishay.com/docs/28758/tnpw_e3.pdf","Manufacturer family datasheet and ordering format reviewed; exact orderability unconfirmed","UNCONFIRMED - no stock, price, supplier, purchase or assembler acceptance check","DRAFT - NOT RELEASED FOR FABRICATION"
"R7","1","Vishay","TNPW080510K0BEEA","10k 0.1% 25ppm/K","Resistor_SMD:R_0805_2012Metric","R_0805_2012Metric","SMD","Resistor","VM window monitor","VM undervoltage divider lower leg","0805 thin film; 0.1%; 25 ppm/K; full ordering code retained","https://www.vishay.com/docs/28758/tnpw_e3.pdf","Manufacturer family datasheet and ordering format reviewed; exact orderability unconfirmed","UNCONFIRMED - no stock, price, supplier, purchase or assembler acceptance check","DRAFT - NOT RELEASED FOR FABRICATION"
"R8","1","Vishay","TNPW0805442KBEEA","442k 0.1% 25ppm/K","Resistor_SMD:R_0805_2012Metric","R_0805_2012Metric","SMD","Resistor","VM window monitor","VM overvoltage divider upper leg","0805 thin film; 0.1%; 25 ppm/K; full ordering code retained","https://www.vishay.com/docs/28758/tnpw_e3.pdf","Manufacturer family datasheet and ordering format reviewed; exact orderability unconfirmed","UNCONFIRMED - no stock, price, supplier, purchase or assembler acceptance check","DRAFT - NOT RELEASED FOR FABRICATION"
"R9","1","Vishay","TNPW080510K0BEEA","10k 0.1% 25ppm/K","Resistor_SMD:R_0805_2012Metric","R_0805_2012Metric","SMD","Resistor","VM window monitor","VM overvoltage divider lower leg","0805 thin film; 0.1%; 25 ppm/K; full ordering code retained","https://www.vishay.com/docs/28758/tnpw_e3.pdf","Manufacturer family datasheet and ordering format reviewed; exact orderability unconfirmed","UNCONFIRMED - no stock, price, supplier, purchase or assembler acceptance check","DRAFT - NOT RELEASED FOR FABRICATION"
"R10","1","Vishay","TNPW080510K0BEEA","10k 0.1% 25ppm/K","Resistor_SMD:R_0805_2012Metric","R_0805_2012Metric","SMD","Resistor","VM window monitor","Shared FAULT_OK_RAW pullup to PI_3V3","0805 thin film; 0.1%; 25 ppm/K; full ordering code retained","https://www.vishay.com/docs/28758/tnpw_e3.pdf","Manufacturer family datasheet and ordering format reviewed; exact orderability unconfirmed","UNCONFIRMED - no stock, price, supplier, purchase or assembler acceptance check","DRAFT - NOT RELEASED FOR FABRICATION"
"R11","1","Vishay","TNPW08051K00BEEA","1k 0.1% 25ppm/K","Resistor_SMD:R_0805_2012Metric","R_0805_2012Metric","SMD","Resistor","Sleep/feed qualification","eFuse SHDN series resistor","0805 thin film; 0.1%; 25 ppm/K; full ordering code retained","https://www.vishay.com/docs/28758/tnpw_e3.pdf","Manufacturer family datasheet and ordering format reviewed; exact orderability unconfirmed","UNCONFIRMED - no stock, price, supplier, purchase or assembler acceptance check","DRAFT - NOT RELEASED FOR FABRICATION"
"R12","1","Vishay","TNPW080510K0BEEA","10k 0.1% 25ppm/K","Resistor_SMD:R_0805_2012Metric","R_0805_2012Metric","SMD","Resistor","Sleep/feed qualification","eFuse SHDN default-low resistor","0805 thin film; 0.1%; 25 ppm/K; full ordering code retained","https://www.vishay.com/docs/28758/tnpw_e3.pdf","Manufacturer family datasheet and ordering format reviewed; exact orderability unconfirmed","UNCONFIRMED - no stock, price, supplier, purchase or assembler acceptance check","DRAFT - NOT RELEASED FOR FABRICATION"
"R20","1","Vishay","TNPW080520K0BEEA","20k 0.1% 25ppm/K","Resistor_SMD:R_0805_2012Metric","R_0805_2012Metric","SMD","Resistor","Drivers and local support","front-left VREF divider upper leg","0805 thin film; 0.1%; 25 ppm/K; full ordering code retained","https://www.vishay.com/docs/28758/tnpw_e3.pdf","Manufacturer family datasheet and ordering format reviewed; exact orderability unconfirmed","UNCONFIRMED - no stock, price, supplier, purchase or assembler acceptance check","DRAFT - NOT RELEASED FOR FABRICATION"
"R21","1","Vishay","TNPW080510K0BEEA","10k 0.1% 25ppm/K","Resistor_SMD:R_0805_2012Metric","R_0805_2012Metric","SMD","Resistor","Drivers and local support","front-left VREF divider lower leg","0805 thin film; 0.1%; 25 ppm/K; full ordering code retained","https://www.vishay.com/docs/28758/tnpw_e3.pdf","Manufacturer family datasheet and ordering format reviewed; exact orderability unconfirmed","UNCONFIRMED - no stock, price, supplier, purchase or assembler acceptance check","DRAFT - NOT RELEASED FOR FABRICATION"
"R22","1","Vishay","TNPW08053K09BEEA","3.09k 0.1% 25ppm/K","Resistor_SMD:R_0805_2012Metric","R_0805_2012Metric","SMD","Resistor","Drivers and local support","front-left IPROPI current-regulation/sense resistor","0805 thin film; 0.1%; 25 ppm/K; full ordering code retained","https://www.vishay.com/docs/28758/tnpw_e3.pdf","Manufacturer family datasheet and ordering format reviewed; exact orderability unconfirmed","UNCONFIRMED - no stock, price, supplier, purchase or assembler acceptance check","DRAFT - NOT RELEASED FOR FABRICATION"
"R23","1","Vishay","TNPW080510K0BEEA","10k 0.1% 25ppm/K","Resistor_SMD:R_0805_2012Metric","R_0805_2012Metric","SMD","Resistor","Drivers and local support","front-left nSLEEP/FEED_ENABLE default-low resistor","0805 thin film; 0.1%; 25 ppm/K; full ordering code retained","https://www.vishay.com/docs/28758/tnpw_e3.pdf","Manufacturer family datasheet and ordering format reviewed; exact orderability unconfirmed","UNCONFIRMED - no stock, price, supplier, purchase or assembler acceptance check","DRAFT - NOT RELEASED FOR FABRICATION"
"R24","1","Vishay","TNPW080520K0BEEA","20k 0.1% 25ppm/K","Resistor_SMD:R_0805_2012Metric","R_0805_2012Metric","SMD","Resistor","Drivers and local support","front-right VREF divider upper leg","0805 thin film; 0.1%; 25 ppm/K; full ordering code retained","https://www.vishay.com/docs/28758/tnpw_e3.pdf","Manufacturer family datasheet and ordering format reviewed; exact orderability unconfirmed","UNCONFIRMED - no stock, price, supplier, purchase or assembler acceptance check","DRAFT - NOT RELEASED FOR FABRICATION"
"R25","1","Vishay","TNPW080510K0BEEA","10k 0.1% 25ppm/K","Resistor_SMD:R_0805_2012Metric","R_0805_2012Metric","SMD","Resistor","Drivers and local support","front-right VREF divider lower leg","0805 thin film; 0.1%; 25 ppm/K; full ordering code retained","https://www.vishay.com/docs/28758/tnpw_e3.pdf","Manufacturer family datasheet and ordering format reviewed; exact orderability unconfirmed","UNCONFIRMED - no stock, price, supplier, purchase or assembler acceptance check","DRAFT - NOT RELEASED FOR FABRICATION"
"R26","1","Vishay","TNPW08053K09BEEA","3.09k 0.1% 25ppm/K","Resistor_SMD:R_0805_2012Metric","R_0805_2012Metric","SMD","Resistor","Drivers and local support","front-right IPROPI current-regulation/sense resistor","0805 thin film; 0.1%; 25 ppm/K; full ordering code retained","https://www.vishay.com/docs/28758/tnpw_e3.pdf","Manufacturer family datasheet and ordering format reviewed; exact orderability unconfirmed","UNCONFIRMED - no stock, price, supplier, purchase or assembler acceptance check","DRAFT - NOT RELEASED FOR FABRICATION"
"R27","1","Vishay","TNPW080510K0BEEA","10k 0.1% 25ppm/K","Resistor_SMD:R_0805_2012Metric","R_0805_2012Metric","SMD","Resistor","Drivers and local support","front-right nSLEEP/FEED_ENABLE default-low resistor","0805 thin film; 0.1%; 25 ppm/K; full ordering code retained","https://www.vishay.com/docs/28758/tnpw_e3.pdf","Manufacturer family datasheet and ordering format reviewed; exact orderability unconfirmed","UNCONFIRMED - no stock, price, supplier, purchase or assembler acceptance check","DRAFT - NOT RELEASED FOR FABRICATION"
"R28","1","Vishay","TNPW080520K0BEEA","20k 0.1% 25ppm/K","Resistor_SMD:R_0805_2012Metric","R_0805_2012Metric","SMD","Resistor","Drivers and local support","back-left VREF divider upper leg","0805 thin film; 0.1%; 25 ppm/K; full ordering code retained","https://www.vishay.com/docs/28758/tnpw_e3.pdf","Manufacturer family datasheet and ordering format reviewed; exact orderability unconfirmed","UNCONFIRMED - no stock, price, supplier, purchase or assembler acceptance check","DRAFT - NOT RELEASED FOR FABRICATION"
"R29","1","Vishay","TNPW080510K0BEEA","10k 0.1% 25ppm/K","Resistor_SMD:R_0805_2012Metric","R_0805_2012Metric","SMD","Resistor","Drivers and local support","back-left VREF divider lower leg","0805 thin film; 0.1%; 25 ppm/K; full ordering code retained","https://www.vishay.com/docs/28758/tnpw_e3.pdf","Manufacturer family datasheet and ordering format reviewed; exact orderability unconfirmed","UNCONFIRMED - no stock, price, supplier, purchase or assembler acceptance check","DRAFT - NOT RELEASED FOR FABRICATION"
"R30","1","Vishay","TNPW08053K09BEEA","3.09k 0.1% 25ppm/K","Resistor_SMD:R_0805_2012Metric","R_0805_2012Metric","SMD","Resistor","Drivers and local support","back-left IPROPI current-regulation/sense resistor","0805 thin film; 0.1%; 25 ppm/K; full ordering code retained","https://www.vishay.com/docs/28758/tnpw_e3.pdf","Manufacturer family datasheet and ordering format reviewed; exact orderability unconfirmed","UNCONFIRMED - no stock, price, supplier, purchase or assembler acceptance check","DRAFT - NOT RELEASED FOR FABRICATION"
"R31","1","Vishay","TNPW080510K0BEEA","10k 0.1% 25ppm/K","Resistor_SMD:R_0805_2012Metric","R_0805_2012Metric","SMD","Resistor","Drivers and local support","back-left nSLEEP/FEED_ENABLE default-low resistor","0805 thin film; 0.1%; 25 ppm/K; full ordering code retained","https://www.vishay.com/docs/28758/tnpw_e3.pdf","Manufacturer family datasheet and ordering format reviewed; exact orderability unconfirmed","UNCONFIRMED - no stock, price, supplier, purchase or assembler acceptance check","DRAFT - NOT RELEASED FOR FABRICATION"
"R32","1","Vishay","TNPW080520K0BEEA","20k 0.1% 25ppm/K","Resistor_SMD:R_0805_2012Metric","R_0805_2012Metric","SMD","Resistor","Drivers and local support","back-right VREF divider upper leg","0805 thin film; 0.1%; 25 ppm/K; full ordering code retained","https://www.vishay.com/docs/28758/tnpw_e3.pdf","Manufacturer family datasheet and ordering format reviewed; exact orderability unconfirmed","UNCONFIRMED - no stock, price, supplier, purchase or assembler acceptance check","DRAFT - NOT RELEASED FOR FABRICATION"
"R33","1","Vishay","TNPW080510K0BEEA","10k 0.1% 25ppm/K","Resistor_SMD:R_0805_2012Metric","R_0805_2012Metric","SMD","Resistor","Drivers and local support","back-right VREF divider lower leg","0805 thin film; 0.1%; 25 ppm/K; full ordering code retained","https://www.vishay.com/docs/28758/tnpw_e3.pdf","Manufacturer family datasheet and ordering format reviewed; exact orderability unconfirmed","UNCONFIRMED - no stock, price, supplier, purchase or assembler acceptance check","DRAFT - NOT RELEASED FOR FABRICATION"
"R34","1","Vishay","TNPW08053K09BEEA","3.09k 0.1% 25ppm/K","Resistor_SMD:R_0805_2012Metric","R_0805_2012Metric","SMD","Resistor","Drivers and local support","back-right IPROPI current-regulation/sense resistor","0805 thin film; 0.1%; 25 ppm/K; full ordering code retained","https://www.vishay.com/docs/28758/tnpw_e3.pdf","Manufacturer family datasheet and ordering format reviewed; exact orderability unconfirmed","UNCONFIRMED - no stock, price, supplier, purchase or assembler acceptance check","DRAFT - NOT RELEASED FOR FABRICATION"
"R35","1","Vishay","TNPW080510K0BEEA","10k 0.1% 25ppm/K","Resistor_SMD:R_0805_2012Metric","R_0805_2012Metric","SMD","Resistor","Drivers and local support","back-right nSLEEP/FEED_ENABLE default-low resistor","0805 thin film; 0.1%; 25 ppm/K; full ordering code retained","https://www.vishay.com/docs/28758/tnpw_e3.pdf","Manufacturer family datasheet and ordering format reviewed; exact orderability unconfirmed","UNCONFIRMED - no stock, price, supplier, purchase or assembler acceptance check","DRAFT - NOT RELEASED FOR FABRICATION"
"R40","1","Vishay","TNPW080553K6BEEA","53.6k 0.1%","Resistor_SMD:R_0805_2012Metric","R_0805_2012Metric","SMD","Resistor","Input protection, feed, bulk and bleed","eFuse input undervoltage divider upper leg","0805 thin film; 0.1%; 25 ppm/K; full ordering code retained","https://www.vishay.com/docs/28758/tnpw_e3.pdf","Manufacturer family datasheet and ordering format reviewed; exact orderability unconfirmed","UNCONFIRMED - no stock, price, supplier, purchase or assembler acceptance check","DRAFT - NOT RELEASED FOR FABRICATION"
"R41","1","Vishay","TNPW080510K0BEEA","10k 0.1%","Resistor_SMD:R_0805_2012Metric","R_0805_2012Metric","SMD","Resistor","Input protection, feed, bulk and bleed","eFuse input undervoltage divider lower leg","0805 thin film; 0.1%; 25 ppm/K; full ordering code retained","https://www.vishay.com/docs/28758/tnpw_e3.pdf","Manufacturer family datasheet and ordering format reviewed; exact orderability unconfirmed","UNCONFIRMED - no stock, price, supplier, purchase or assembler acceptance check","DRAFT - NOT RELEASED FOR FABRICATION"
"R42","1","Vishay","TNPW0805124KBEEA","124k 0.1%","Resistor_SMD:R_0805_2012Metric","R_0805_2012Metric","SMD","Resistor","Input protection, feed, bulk and bleed","eFuse input overvoltage divider upper leg","0805 thin film; 0.1%; 25 ppm/K; full ordering code retained","https://www.vishay.com/docs/28758/tnpw_e3.pdf","Manufacturer family datasheet and ordering format reviewed; exact orderability unconfirmed","UNCONFIRMED - no stock, price, supplier, purchase or assembler acceptance check","DRAFT - NOT RELEASED FOR FABRICATION"
"R43","1","Vishay","TNPW080510K0BEEA","10k 0.1%","Resistor_SMD:R_0805_2012Metric","R_0805_2012Metric","SMD","Resistor","Input protection, feed, bulk and bleed","eFuse input overvoltage divider lower leg","0805 thin film; 0.1%; 25 ppm/K; full ordering code retained","https://www.vishay.com/docs/28758/tnpw_e3.pdf","Manufacturer family datasheet and ordering format reviewed; exact orderability unconfirmed","UNCONFIRMED - no stock, price, supplier, purchase or assembler acceptance check","DRAFT - NOT RELEASED FOR FABRICATION"
"R44","1","YAGEO","RC0603FR-076K04L","6.04k 1%","Resistor_SMD:R_0603_1608Metric","R_0603_1608Metric","SMD","Resistor","Input protection, feed, bulk and bleed","eFuse total current-limit programming","0603; 1%; 0.1 W at 70 C","https://yageogroup.com/component-documentation/download/specsheet/RC0603FR-076K04L","Manufacturer part-specific document/page reviewed; procurement unconfirmed","UNCONFIRMED - no stock, price, supplier, purchase or assembler acceptance check","DRAFT - NOT RELEASED FOR FABRICATION"
"R45","1","Vishay","TNPW080560K4BEEA","60.4k 0.1%","Resistor_SMD:R_0805_2012Metric","R_0805_2012Metric","SMD","Resistor","Input protection, feed, bulk and bleed","eFuse output power-good divider upper leg","0805 thin film; 0.1%; 25 ppm/K; full ordering code retained","https://www.vishay.com/docs/28758/tnpw_e3.pdf","Manufacturer family datasheet and ordering format reviewed; exact orderability unconfirmed","UNCONFIRMED - no stock, price, supplier, purchase or assembler acceptance check","DRAFT - NOT RELEASED FOR FABRICATION"
"R46","1","Vishay","TNPW080510K0BEEA","10k 0.1%","Resistor_SMD:R_0805_2012Metric","R_0805_2012Metric","SMD","Resistor","Input protection, feed, bulk and bleed","eFuse output power-good divider lower leg","0805 thin film; 0.1%; 25 ppm/K; full ordering code retained","https://www.vishay.com/docs/28758/tnpw_e3.pdf","Manufacturer family datasheet and ordering format reviewed; exact orderability unconfirmed","UNCONFIRMED - no stock, price, supplier, purchase or assembler acceptance check","DRAFT - NOT RELEASED FOR FABRICATION"
"R100","1","YAGEO","RC0603FR-07330RL","330","Resistor_SMD:R_0603_1608Metric","R_0603_1608Metric","SMD","Resistor","PWM/DIR decode and input conditioning","GPIO18 left PWM series input resistor","0603; 1%; 0.1 W at 70 C","https://yageogroup.com/component-documentation/download/specsheet/RC0603FR-07330RL","Manufacturer source retained from prior reviewed BOM; procurement unconfirmed","UNCONFIRMED - no stock, price, supplier, purchase or assembler acceptance check","DRAFT - NOT RELEASED FOR FABRICATION"
"R101","1","YAGEO","RC0603FR-0710KL","10k","Resistor_SMD:R_0603_1608Metric","R_0603_1608Metric","SMD","Resistor","PWM/DIR decode and input conditioning","left PWM raw-input default-low resistor","0603; 1%; 0.1 W at 70 C","https://yageogroup.com/component-documentation/download/specsheet/RC0603FR-0710KL","Manufacturer source retained from prior reviewed BOM; procurement unconfirmed","UNCONFIRMED - no stock, price, supplier, purchase or assembler acceptance check","DRAFT - NOT RELEASED FOR FABRICATION"
"R104","1","YAGEO","RC0603FR-07330RL","330","Resistor_SMD:R_0603_1608Metric","R_0603_1608Metric","SMD","Resistor","PWM/DIR decode and input conditioning","GPIO23 left DIR series input resistor","0603; 1%; 0.1 W at 70 C","https://yageogroup.com/component-documentation/download/specsheet/RC0603FR-07330RL","Manufacturer source retained from prior reviewed BOM; procurement unconfirmed","UNCONFIRMED - no stock, price, supplier, purchase or assembler acceptance check","DRAFT - NOT RELEASED FOR FABRICATION"
"R105","1","YAGEO","RC0603FR-0710KL","10k","Resistor_SMD:R_0603_1608Metric","R_0603_1608Metric","SMD","Resistor","PWM/DIR decode and input conditioning","left DIR raw-input default-low resistor","0603; 1%; 0.1 W at 70 C","https://yageogroup.com/component-documentation/download/specsheet/RC0603FR-0710KL","Manufacturer source retained from prior reviewed BOM; procurement unconfirmed","UNCONFIRMED - no stock, price, supplier, purchase or assembler acceptance check","DRAFT - NOT RELEASED FOR FABRICATION"
"R112","1","YAGEO","RC0603FR-07330RL","330","Resistor_SMD:R_0603_1608Metric","R_0603_1608Metric","SMD","Resistor","PWM/DIR decode and input conditioning","GPIO13 right PWM series input resistor","0603; 1%; 0.1 W at 70 C","https://yageogroup.com/component-documentation/download/specsheet/RC0603FR-07330RL","Manufacturer source retained from prior reviewed BOM; procurement unconfirmed","UNCONFIRMED - no stock, price, supplier, purchase or assembler acceptance check","DRAFT - NOT RELEASED FOR FABRICATION"
"R113","1","YAGEO","RC0603FR-0710KL","10k","Resistor_SMD:R_0603_1608Metric","R_0603_1608Metric","SMD","Resistor","PWM/DIR decode and input conditioning","right PWM raw-input default-low resistor","0603; 1%; 0.1 W at 70 C","https://yageogroup.com/component-documentation/download/specsheet/RC0603FR-0710KL","Manufacturer source retained from prior reviewed BOM; procurement unconfirmed","UNCONFIRMED - no stock, price, supplier, purchase or assembler acceptance check","DRAFT - NOT RELEASED FOR FABRICATION"
"R116","1","YAGEO","RC0603FR-07330RL","330","Resistor_SMD:R_0603_1608Metric","R_0603_1608Metric","SMD","Resistor","PWM/DIR decode and input conditioning","GPIO5 right DIR series input resistor","0603; 1%; 0.1 W at 70 C","https://yageogroup.com/component-documentation/download/specsheet/RC0603FR-07330RL","Manufacturer source retained from prior reviewed BOM; procurement unconfirmed","UNCONFIRMED - no stock, price, supplier, purchase or assembler acceptance check","DRAFT - NOT RELEASED FOR FABRICATION"
"R117","1","YAGEO","RC0603FR-0710KL","10k","Resistor_SMD:R_0603_1608Metric","R_0603_1608Metric","SMD","Resistor","PWM/DIR decode and input conditioning","right DIR raw-input default-low resistor","0603; 1%; 0.1 W at 70 C","https://yageogroup.com/component-documentation/download/specsheet/RC0603FR-0710KL","Manufacturer source retained from prior reviewed BOM; procurement unconfirmed","UNCONFIRMED - no stock, price, supplier, purchase or assembler acceptance check","DRAFT - NOT RELEASED FOR FABRICATION"
"R124","1","YAGEO","RC0603FR-07330RL","330","Resistor_SMD:R_0603_1608Metric","R_0603_1608Metric","SMD","Resistor","RUN/ARM/HB and fault conditioning","GPIO25 RUN series input resistor","0603; 1%; 0.1 W at 70 C","https://yageogroup.com/component-documentation/download/specsheet/RC0603FR-07330RL","Manufacturer source retained from prior reviewed BOM; procurement unconfirmed","UNCONFIRMED - no stock, price, supplier, purchase or assembler acceptance check","DRAFT - NOT RELEASED FOR FABRICATION"
"R125","1","YAGEO","RC0603FR-0710KL","10k","Resistor_SMD:R_0603_1608Metric","R_0603_1608Metric","SMD","Resistor","RUN/ARM/HB and fault conditioning","RUN raw-input default-low resistor","0603; 1%; 0.1 W at 70 C","https://yageogroup.com/component-documentation/download/specsheet/RC0603FR-0710KL","Manufacturer source retained from prior reviewed BOM; procurement unconfirmed","UNCONFIRMED - no stock, price, supplier, purchase or assembler acceptance check","DRAFT - NOT RELEASED FOR FABRICATION"
"R126","1","YAGEO","RC0603FR-07330RL","330","Resistor_SMD:R_0603_1608Metric","R_0603_1608Metric","SMD","Resistor","RUN/ARM/HB and fault conditioning","GPIO17 ARM series input resistor","0603; 1%; 0.1 W at 70 C","https://yageogroup.com/component-documentation/download/specsheet/RC0603FR-07330RL","Manufacturer source retained from prior reviewed BOM; procurement unconfirmed","UNCONFIRMED - no stock, price, supplier, purchase or assembler acceptance check","DRAFT - NOT RELEASED FOR FABRICATION"
"R127","1","YAGEO","RC0603FR-0710KL","10k","Resistor_SMD:R_0603_1608Metric","R_0603_1608Metric","SMD","Resistor","RUN/ARM/HB and fault conditioning","ARM raw-input default-low resistor","0603; 1%; 0.1 W at 70 C","https://yageogroup.com/component-documentation/download/specsheet/RC0603FR-0710KL","Manufacturer source retained from prior reviewed BOM; procurement unconfirmed","UNCONFIRMED - no stock, price, supplier, purchase or assembler acceptance check","DRAFT - NOT RELEASED FOR FABRICATION"
"R128","1","YAGEO","RC0603FR-07330RL","330","Resistor_SMD:R_0603_1608Metric","R_0603_1608Metric","SMD","Resistor","RUN/ARM/HB and fault conditioning","GPIO27 heartbeat series input resistor","0603; 1%; 0.1 W at 70 C","https://yageogroup.com/component-documentation/download/specsheet/RC0603FR-07330RL","Manufacturer source retained from prior reviewed BOM; procurement unconfirmed","UNCONFIRMED - no stock, price, supplier, purchase or assembler acceptance check","DRAFT - NOT RELEASED FOR FABRICATION"
"R129","1","YAGEO","RC0603FR-0710KL","10k","Resistor_SMD:R_0603_1608Metric","R_0603_1608Metric","SMD","Resistor","RUN/ARM/HB and fault conditioning","heartbeat raw-input default-low resistor","0603; 1%; 0.1 W at 70 C","https://yageogroup.com/component-documentation/download/specsheet/RC0603FR-0710KL","Manufacturer source retained from prior reviewed BOM; procurement unconfirmed","UNCONFIRMED - no stock, price, supplier, purchase or assembler acceptance check","DRAFT - NOT RELEASED FOR FABRICATION"
"R130","1","YAGEO","RC0603FR-0710KL","10k","Resistor_SMD:R_0603_1608Metric","R_0603_1608Metric","SMD","Resistor","Watchdog","Watchdog factory-timeout selection","0603; 1%; 0.1 W at 70 C","https://yageogroup.com/component-documentation/download/specsheet/RC0603FR-0710KL","Manufacturer source retained from prior reviewed BOM; procurement unconfirmed","UNCONFIRMED - no stock, price, supplier, purchase or assembler acceptance check","DRAFT - NOT RELEASED FOR FABRICATION"
"R131","1","YAGEO","RC0603FR-0710KL","10k","Resistor_SMD:R_0603_1608Metric","R_0603_1608Metric","SMD","Resistor","Watchdog","Watchdog open-drain output pullup","0603; 1%; 0.1 W at 70 C","https://yageogroup.com/component-documentation/download/specsheet/RC0603FR-0710KL","Manufacturer source retained from prior reviewed BOM; procurement unconfirmed","UNCONFIRMED - no stock, price, supplier, purchase or assembler acceptance check","DRAFT - NOT RELEASED FOR FABRICATION"
"R132","1","YAGEO","RC0603FR-07100KL","100k","Resistor_SMD:R_0603_1608Metric","R_0603_1608Metric","SMD","Resistor","RUN/ARM/HB and fault conditioning","Buffered heartbeat default-low resistor","0603; 1%; 0.1 W at 70 C","https://yageogroup.com/component-documentation/download/specsheet/RC0603FR-07100KL","Manufacturer source retained from prior reviewed BOM; procurement unconfirmed","UNCONFIRMED - no stock, price, supplier, purchase or assembler acceptance check","DRAFT - NOT RELEASED FOR FABRICATION"
"R133","1","YAGEO","RC0603FR-071KL","1k","Resistor_SMD:R_0603_1608Metric","R_0603_1608Metric","SMD","Resistor","Physical inhibit and filter","Physical switch supply series resistor","0603; 1%; 0.1 W at 70 C","https://yageogroup.com/component-documentation/download/specsheet/RC0603FR-071KL","Manufacturer source retained from prior reviewed BOM; procurement unconfirmed","UNCONFIRMED - no stock, price, supplier, purchase or assembler acceptance check","DRAFT - NOT RELEASED FOR FABRICATION"
"R134","1","YAGEO","RC0603FR-0710KL","10k","Resistor_SMD:R_0603_1608Metric","R_0603_1608Metric","SMD","Resistor","Physical inhibit and filter","Physical inhibit raw-input default-low resistor","0603; 1%; 0.1 W at 70 C","https://yageogroup.com/component-documentation/download/specsheet/RC0603FR-0710KL","Manufacturer source retained from prior reviewed BOM; procurement unconfirmed","UNCONFIRMED - no stock, price, supplier, purchase or assembler acceptance check","DRAFT - NOT RELEASED FOR FABRICATION"
"R138","1","YAGEO","RC0603FR-07100KL","100k","Resistor_SMD:R_0603_1608Metric","R_0603_1608Metric","SMD","Resistor","Logic-rail supervisor","Logic supervisor output default-low resistor","0603; 1%; 0.1 W at 70 C","https://yageogroup.com/component-documentation/download/specsheet/RC0603FR-07100KL","Manufacturer source retained from prior reviewed BOM; procurement unconfirmed","UNCONFIRMED - no stock, price, supplier, purchase or assembler acceptance check","DRAFT - NOT RELEASED FOR FABRICATION"
"R139","1","YAGEO","RC0603FR-0710KL","10k","Resistor_SMD:R_0603_1608Metric","R_0603_1608Metric","SMD","Resistor","Arm latch and permission gates","Arm latch output default-low resistor","0603; 1%; 0.1 W at 70 C","https://yageogroup.com/component-documentation/download/specsheet/RC0603FR-0710KL","Manufacturer source retained from prior reviewed BOM; procurement unconfirmed","UNCONFIRMED - no stock, price, supplier, purchase or assembler acceptance check","DRAFT - NOT RELEASED FOR FABRICATION"
"R140","1","YAGEO","RC0603FR-0710KL","10k","Resistor_SMD:R_0603_1608Metric","R_0603_1608Metric","SMD","Resistor","Arm latch and permission gates","ALL_OK default-low resistor","0603; 1%; 0.1 W at 70 C","https://yageogroup.com/component-documentation/download/specsheet/RC0603FR-0710KL","Manufacturer source retained from prior reviewed BOM; procurement unconfirmed","UNCONFIRMED - no stock, price, supplier, purchase or assembler acceptance check","DRAFT - NOT RELEASED FOR FABRICATION"
"R141","1","YAGEO","RC0603FR-0710KL","10k","Resistor_SMD:R_0603_1608Metric","R_0603_1608Metric","SMD","Resistor","Arm latch and permission gates","DRIVE_ENABLE_CMD default-low resistor","0603; 1%; 0.1 W at 70 C","https://yageogroup.com/component-documentation/download/specsheet/RC0603FR-0710KL","Manufacturer source retained from prior reviewed BOM; procurement unconfirmed","UNCONFIRMED - no stock, price, supplier, purchase or assembler acceptance check","DRAFT - NOT RELEASED FOR FABRICATION"
"SW1","1","C&K","JS102011SAQN","JS102011SAQN","Button_Switch_SMD:SW_SPDT_CK_JS102011SAQN","SW_SPDT_CK_JS102011SAQN","SMD","Switch","Physical inhibit and filter","Physical logic inhibit: lowers driver nSLEEP and eFuse SHDN; stored VM remains","SPDT logic switch; controls sleep and semiconductor feed inhibit; not galvanic isolation","https://www.ckswitches.com/media/1422/js.pdf","Manufacturer source retained from prior reviewed BOM; procurement unconfirmed","UNCONFIRMED - no stock, price, supplier, purchase or assembler acceptance check","DRAFT - NOT RELEASED FOR FABRICATION"
"U3","1","Texas Instruments","SN74LVC08APWR","SN74LVC08A","Package_SO:TSSOP-14_4.4x5mm_P0.65mm","TSSOP-14_4.4x5mm_P0.65mm","SMD","IC","PWM/DIR decode and input conditioning","AND each decoded motor input with DRIVE_ENABLE_CMD; disarm commands coast","Use exact package suffix and project-reviewed pin map; no family-only substitution","https://www.ti.com/lit/gpn/sn74lvc08a","Manufacturer family datasheet and ordering format reviewed; exact orderability unconfirmed","UNCONFIRMED - no stock, price, supplier, purchase or assembler acceptance check","DRAFT - NOT RELEASED FOR FABRICATION"
"U4","1","Texas Instruments","TPS3431SDRBR","TPS3431SDRBR","AI_Robot:TPS3431_DRB8_3x3_P0.65","TPS3431_DRB8_3x3_P0.65","SMD","IC","Watchdog","Independent heartbeat watchdog; factory timeout selection","Use exact package suffix and project-reviewed pin map; no family-only substitution","https://www.ti.com/lit/gpn/tps3431","Manufacturer source retained from prior reviewed BOM; procurement unconfirmed","UNCONFIRMED - no stock, price, supplier, purchase or assembler acceptance check","DRAFT - NOT RELEASED FOR FABRICATION"
"U5","1","Texas Instruments","SN74LVC1G74DCUR","SN74LVC1G74DCUR","AI_Robot:TI_DCU0008A","TI_DCU0008A","SMD","IC","Arm latch and permission gates","Fresh-ARM latch with asynchronous clear","Use exact package suffix and project-reviewed pin map; no family-only substitution","https://www.ti.com/lit/gpn/sn74lvc1g74","Manufacturer source retained from prior reviewed BOM; procurement unconfirmed","UNCONFIRMED - no stock, price, supplier, purchase or assembler acceptance check","DRAFT - NOT RELEASED FOR FABRICATION"
"U6","1","Texas Instruments","SN74LVC11APWR","SN74LVC11APWR","Package_SO:TSSOP-14_4.4x5mm_P0.65mm","TSSOP-14_4.4x5mm_P0.65mm","SMD","IC","Arm latch and permission gates","Combine rail, physical, fault, watchdog, RUN and arm permissions","Use exact package suffix and project-reviewed pin map; no family-only substitution","https://www.ti.com/lit/gpn/sn74lvc11a","Manufacturer source retained from prior reviewed BOM; procurement unconfirmed","UNCONFIRMED - no stock, price, supplier, purchase or assembler acceptance check","DRAFT - NOT RELEASED FOR FABRICATION"
"U7","1","Texas Instruments","TPS3839G33DBZR","TPS3839G33DBZR","Package_TO_SOT_SMD:SOT-23","SOT-23","SMD","IC","Logic-rail supervisor","PI_3V3 supervisor/reset qualification","Use exact package suffix and project-reviewed pin map; no family-only substitution","https://www.ti.com/lit/gpn/tps3839","Manufacturer source retained from prior reviewed BOM; procurement unconfirmed","UNCONFIRMED - no stock, price, supplier, purchase or assembler acceptance check","DRAFT - NOT RELEASED FOR FABRICATION"
"U8","1","Texas Instruments","SN74LVC2G17DBVR","SN74LVC2G17DBVR","Package_TO_SOT_SMD:SOT-23-6","SOT-23-6","SMD","IC","RUN/ARM/HB and fault conditioning","Schmitt conditioning of physical inhibit and watchdog output","Use exact package suffix and project-reviewed pin map; no family-only substitution","https://www.ti.com/lit/gpn/sn74lvc2g17","Manufacturer source retained from prior reviewed BOM; procurement unconfirmed","UNCONFIRMED - no stock, price, supplier, purchase or assembler acceptance check","DRAFT - NOT RELEASED FOR FABRICATION"
"U9","1","Texas Instruments","SN74LVC2G17DBVR","SN74LVC2G17DBVR","Package_TO_SOT_SMD:SOT-23-6","SOT-23-6","SMD","IC","RUN/ARM/HB and fault conditioning","Schmitt conditioning of shared fault and heartbeat","Use exact package suffix and project-reviewed pin map; no family-only substitution","https://www.ti.com/lit/gpn/sn74lvc2g17","Manufacturer source retained from prior reviewed BOM; procurement unconfirmed","UNCONFIRMED - no stock, price, supplier, purchase or assembler acceptance check","DRAFT - NOT RELEASED FOR FABRICATION"
"U11","1","Texas Instruments","TPS3700DDCR","TPS3700","Package_TO_SOT_SMD:SOT-23-6","SOT-23-6","SMD","IC","VM window monitor","VM undervoltage/overvoltage window monitor","Use exact package suffix and project-reviewed pin map; no family-only substitution","https://www.ti.com/lit/gpn/tps3700","Manufacturer source retained from prior reviewed BOM; procurement unconfirmed","UNCONFIRMED - no stock, price, supplier, purchase or assembler acceptance check","DRAFT - NOT RELEASED FOR FABRICATION"
"U12","1","Texas Instruments","SN74LVC2G17DBVR","SN74LVC2G17DBVR","Package_TO_SOT_SMD:SOT-23-6","SOT-23-6","SMD","IC","RUN/ARM/HB and fault conditioning","Schmitt conditioning of RUN and ARM inputs","Use exact package suffix and project-reviewed pin map; no family-only substitution","https://www.ti.com/lit/gpn/sn74lvc2g17","Manufacturer source retained from prior reviewed BOM; procurement unconfirmed","UNCONFIRMED - no stock, price, supplier, purchase or assembler acceptance check","DRAFT - NOT RELEASED FOR FABRICATION"
"U13","1","Texas Instruments","TPS26630RGER","TPS26630","AI_Robot:TPS26630_RGE0024H_EP2.7x2.7","TPS26630_RGE0024H_EP2.7x2.7","SMD","IC","Input protection, feed, bulk and bleed","Input eFuse, current limit, controlled ramp, UV/OV and reverse-block FET control","Use exact package suffix and project-reviewed pin map; no family-only substitution","https://www.ti.com/lit/gpn/tps2663","Manufacturer family datasheet and ordering format reviewed; exact orderability unconfirmed","UNCONFIRMED - no stock, price, supplier, purchase or assembler acceptance check","DRAFT - NOT RELEASED FOR FABRICATION"
"U14","1","Texas Instruments","SN74LVC1G08DBVR","SN74LVC1G08","Package_TO_SOT_SMD:SOT-23-5","SOT-23-5","SMD","IC","Sleep/feed qualification","FEED_ENABLE = LOGIC_GOOD AND PHYS_OK; controls driver sleep and eFuse shutdown","Use exact package suffix and project-reviewed pin map; no family-only substitution","https://www.ti.com/lit/gpn/sn74lvc1g08","Manufacturer family datasheet and ordering format reviewed; exact orderability unconfirmed","UNCONFIRMED - no stock, price, supplier, purchase or assembler acceptance check","DRAFT - NOT RELEASED FOR FABRICATION"
"U15","1","Texas Instruments","SN74LVC2G14DBVR","SN74LVC2G14","Package_TO_SOT_SMD:SOT-23-6","SOT-23-6","SMD","IC","PWM/DIR decode and input conditioning","Schmitt inversion of left/right DIR inputs","Use exact package suffix and project-reviewed pin map; no family-only substitution","https://www.ti.com/lit/gpn/sn74lvc2g14","Manufacturer family datasheet and ordering format reviewed; exact orderability unconfirmed","UNCONFIRMED - no stock, price, supplier, purchase or assembler acceptance check","DRAFT - NOT RELEASED FOR FABRICATION"
"U16","1","Texas Instruments","SN74LVC132APWR","SN74LVC132A","Package_SO:TSSOP-14_4.4x5mm_P0.65mm","TSSOP-14_4.4x5mm_P0.65mm","SMD","IC","PWM/DIR decode and input conditioning","Schmitt NAND PWM/DIR decoding for driver PWM mode","Use exact package suffix and project-reviewed pin map; no family-only substitution","https://www.ti.com/lit/gpn/sn74lvc132a","Manufacturer family datasheet and ordering format reviewed; exact orderability unconfirmed","UNCONFIRMED - no stock, price, supplier, purchase or assembler acceptance check","DRAFT - NOT RELEASED FOR FABRICATION"
"U20","1","Texas Instruments","DRV8874PWPR","DRV8874","AI_Robot:DRV8874_PWP0016J_EP3.4x5","DRV8874_PWP0016J_EP3.4x5","SMD","IC","Drivers and local support","front-left DRV8874 H-bridge with internal current sensing/regulation","Use exact package suffix and project-reviewed pin map; no family-only substitution","https://www.ti.com/lit/gpn/drv8874","Manufacturer family datasheet and ordering format reviewed; exact orderability unconfirmed","UNCONFIRMED - no stock, price, supplier, purchase or assembler acceptance check","DRAFT - NOT RELEASED FOR FABRICATION"
"U21","1","Texas Instruments","DRV8874PWPR","DRV8874","AI_Robot:DRV8874_PWP0016J_EP3.4x5","DRV8874_PWP0016J_EP3.4x5","SMD","IC","Drivers and local support","front-right DRV8874 H-bridge with internal current sensing/regulation","Use exact package suffix and project-reviewed pin map; no family-only substitution","https://www.ti.com/lit/gpn/drv8874","Manufacturer family datasheet and ordering format reviewed; exact orderability unconfirmed","UNCONFIRMED - no stock, price, supplier, purchase or assembler acceptance check","DRAFT - NOT RELEASED FOR FABRICATION"
"U22","1","Texas Instruments","DRV8874PWPR","DRV8874","AI_Robot:DRV8874_PWP0016J_EP3.4x5","DRV8874_PWP0016J_EP3.4x5","SMD","IC","Drivers and local support","back-left DRV8874 H-bridge with internal current sensing/regulation","Use exact package suffix and project-reviewed pin map; no family-only substitution","https://www.ti.com/lit/gpn/drv8874","Manufacturer family datasheet and ordering format reviewed; exact orderability unconfirmed","UNCONFIRMED - no stock, price, supplier, purchase or assembler acceptance check","DRAFT - NOT RELEASED FOR FABRICATION"
"U23","1","Texas Instruments","DRV8874PWPR","DRV8874","AI_Robot:DRV8874_PWP0016J_EP3.4x5","DRV8874_PWP0016J_EP3.4x5","SMD","IC","Drivers and local support","back-right DRV8874 H-bridge with internal current sensing/regulation","Use exact package suffix and project-reviewed pin map; no family-only substitution","https://www.ti.com/lit/gpn/drv8874","Manufacturer family datasheet and ordering format reviewed; exact orderability unconfirmed","UNCONFIRMED - no stock, price, supplier, purchase or assembler acceptance check","DRAFT - NOT RELEASED FOR FABRICATION"
