"References","Quantity_per_board","Manufacturer","MPN","Value_from_manifest","Footprint","Package","Mount","Category","Functional_block","Purpose","Specification","Source_URL","Source_basis","Procurement_status","Release_status"
"C1,C2","2","Panasonic","EEUFR1H102","1000uF50V20%","Capacitor_THT:CP_Radial_D16.0mm_P7.50mm","CP_Radial_D16.0mm_P7.50mm","THT","Capacitor","Input protection, feed, bulk and bleed","C1: VM main bulk storage | C2: VM main bulk storage","1000 uF; 50 V; 20%; radial D16 x L25 mm; pitch 7.5 mm","https://industrial.panasonic.com/sa/products/pt/aluminum-cap-lead/models/EEUFR1H102","Manufacturer part-specific document/page reviewed; procurement unconfirmed","UNCONFIRMED - no stock, price, supplier, purchase or assembler acceptance check","DRAFT - NOT RELEASED FOR FABRICATION"
"C11,C12,C13,C14,C21,C22,C24,C26,C27,C29,C31,C32,C34,C36,C37,C39","16","KEMET","C0805C104K5RACTU","100nF 50V X7R","Capacitor_SMD:C_0805_2012Metric","C_0805_2012Metric","SMD","Capacitor","VM window monitor | Sleep/feed qualification | PWM/DIR decode and input conditioning | Drivers and local support","C11: Local PI_3V3 bypass for U11 | C12: Local PI_3V3 bypass for U14 | C13: Local PI_3V3 bypass for U15 | C14: Local PI_3V3 bypass for U16 | C21: front-left VM ceramic bypass | C22: front-left VCP-to-VM charge-pump reservoir | C24: front-left VREF filter | C26: front-right VM ceramic bypass | C27: front-right VCP-to-VM charge-pump reservoir | C29: front-right VREF filter | C31: back-left VM ceramic bypass | C32: back-left VCP-to-VM charge-pump reservoir | C34: back-left VREF filter | C36: back-right VM ceramic bypass | C37: back-right VCP-to-VM charge-pump reservoir | C39: back-right VREF filter","100 nF; 50 V; X7R; 10%; 0805","https://search.kemet.com/component-documentation/download/specsheet/C0805C104K5RACTU","Manufacturer source retained from prior reviewed BOM; procurement unconfirmed","UNCONFIRMED - no stock, price, supplier, purchase or assembler acceptance check","DRAFT - NOT RELEASED FOR FABRICATION"
"C20,C25,C30,C35","4","Panasonic","EEUFR1H221","220uF50V20%","Capacitor_THT:CP_Radial_D10.0mm_P5.00mm","CP_Radial_D10.0mm_P5.00mm","THT","Capacitor","Drivers and local support","C20: front-left VM local electrolytic bulk | C25: front-right VM local electrolytic bulk | C30: back-left VM local electrolytic bulk | C35: back-right VM local electrolytic bulk","220 uF; 50 V; 20%; radial D10 x L16 mm; pitch 5 mm","https://industrial.panasonic.com/ww/products/pt/aluminum-cap-lead/models/EEUFR1H221","Manufacturer part-specific document/page reviewed; procurement unconfirmed","UNCONFIRMED - no stock, price, supplier, purchase or assembler acceptance check","DRAFT - NOT RELEASED FOR FABRICATION"
"C23,C28,C33,C38","4","KEMET","C0805C223K5RACTU","22nF 50V X7R","Capacitor_SMD:C_0805_2012Metric","C_0805_2012Metric","SMD","Capacitor","Drivers and local support","C23: front-left CPH-to-CPL charge-pump flying capacitor | C28: front-right CPH-to-CPL charge-pump flying capacitor | C33: back-left CPH-to-CPL charge-pump flying capacitor | C38: back-right CPH-to-CPL charge-pump flying capacitor","22 nF; 50 V; X7R; 10%; 0805","https://search.kemet.com/component-documentation/download/specsheet/C0805C223K5RACTU","Manufacturer part-specific document/page reviewed; procurement unconfirmed","UNCONFIRMED - no stock, price, supplier, purchase or assembler acceptance check","DRAFT - NOT RELEASED FOR FABRICATION"
"C40","1","KEMET","C1206C225K5RACTU","2.2uF50V X7R10%","Capacitor_SMD:C_1206_3216Metric","C_1206_3216Metric","SMD","Capacitor","Input protection, feed, bulk and bleed","C40: eFuse output-ramp dV/dt programming","2.2 uF; 50 V; X7R; 10%; 1206","https://search.kemet.com/component-documentation/download/specsheet/C1206C225K5RACTU","Manufacturer part-specific document/page reviewed; procurement unconfirmed","UNCONFIRMED - no stock, price, supplier, purchase or assembler acceptance check","DRAFT - NOT RELEASED FOR FABRICATION"
"C41,C42","2","KEMET","C1206C105K1RACTU","1uF100V X7R10%","Capacitor_SMD:C_1206_3216Metric","C_1206_3216Metric","SMD","Capacitor","Input protection, feed, bulk and bleed","C41: Fused input local bypass | C42: Post reverse-block input local bypass","1 uF; 100 V; X7R; 10%; 1206","https://search.kemet.com/component-documentation/download/specsheet/C1206C105K1RACTU","Manufacturer part-specific document/page reviewed; procurement unconfirmed","UNCONFIRMED - no stock, price, supplier, purchase or assembler acceptance check","DRAFT - NOT RELEASED FOR FABRICATION"
"C100","1","Murata","GRM1885C1H102JA01D","1nF","Capacitor_SMD:C_0603_1608Metric","C_0603_1608Metric","SMD","Capacitor","Physical inhibit and filter","C100: Physical switch input filter","1 nF; 50 V; C0G; 5%; 0603; archived manufacturer-authored exact-code source retained in source registry","https://www.murata.com/-/media/webrenewal/tool/library/common-pdf/static-model/component-list-s-mlcc-2506.ashx?cvid=20250805040438000000&la=ko-kr","Manufacturer list confirms base GRM1885C1H102JA01; exact D delivery suffix not refreshed; procurement unconfirmed","UNCONFIRMED - no stock, price, supplier, purchase or assembler acceptance check","DRAFT - NOT RELEASED FOR FABRICATION"
"C101,C102,C103,C104,C105,C106,C107,C109","8","YAGEO","CC0603KRX7R9BB104","100nF","Capacitor_SMD:C_0603_1608Metric","C_0603_1608Metric","SMD","Capacitor","PWM/DIR decode and input conditioning | Watchdog | Arm latch and permission gates | Logic-rail supervisor | RUN/ARM/HB and fault conditioning","C101: Local PI_3V3 bypass for U3 | C102: Local PI_3V3 bypass for U4 | C103: Local PI_3V3 bypass for U5 | C104: Local PI_3V3 bypass for U6 | C105: Local PI_3V3 bypass for U7 | C106: Local PI_3V3 bypass for U8 | C107: Local PI_3V3 bypass for U9 | C109: Local PI_3V3 bypass for U12","100 nF; 50 V; X7R; 10%; 0603","https://yageogroup.com/download/specsheet/CC0603KRX7R9BB104","Manufacturer source retained from prior reviewed BOM; procurement unconfirmed","UNCONFIRMED - no stock, price, supplier, purchase or assembler acceptance check","DRAFT - NOT RELEASED FOR FABRICATION"
"D1","1","Littelfuse","SMBJ24CA","24V bidirectional input TVS","Diode_SMD:D_SMB","D_SMB","SMD","Diode","Input protection, feed, bulk and bleed","D1: Bidirectional input transient suppression","24 V standoff; bidirectional; SMB","https://www.littelfuse.com/assetdocs/tvs-diodes-smbj-series-datasheet?assetguid=ba555e99-a12d-4f72-a0b6-86b06c67171e","Manufacturer family datasheet and ordering format reviewed; exact orderability unconfirmed","UNCONFIRMED - no stock, price, supplier, purchase or assembler acceptance check","DRAFT - NOT RELEASED FOR FABRICATION"
"D2","1","Littelfuse","SMBJ18A","18V unidirectional VM TVS","Diode_SMD:D_SMB","D_SMB","SMD","Diode","Input protection, feed, bulk and bleed","D2: Unidirectional VM transient suppression","18 V standoff; unidirectional; SMB; cathode to VM","https://www.littelfuse.com/assetdocs/tvs-diodes-smbj-series-datasheet?assetguid=ba555e99-a12d-4f72-a0b6-86b06c67171e","Manufacturer family datasheet and ordering format reviewed; exact orderability unconfirmed","UNCONFIRMED - no stock, price, supplier, purchase or assembler acceptance check","DRAFT - NOT RELEASED FOR FABRICATION"
"F1","1","Littelfuse","0451003.MRL","3A 125V","AI_Robot:Fuse_Littelfuse_451","Fuse_Littelfuse_451","SMD","Fuse","Input protection, feed, bulk and bleed","F1: 3 A input backup fuse; not individual motor regulation","3 A; 125 V; non-resettable; not a per-channel electronic current limiter","https://www.littelfuse.com/assetdocs/fuse-451-and-453-datasheet?assetguid=533cd5cc-956c-4243-867f-6ab5a62f6ba1","Manufacturer family datasheet and ordering format reviewed; exact orderability unconfirmed","UNCONFIRMED - no stock, price, supplier, purchase or assembler acceptance check","DRAFT - NOT RELEASED FOR FABRICATION"
"J1,J2,J3,J4,J5","5","Phoenix Contact","1757242","Phoenix MSTBA2.5/2-G5.08","Connector_Phoenix_MSTB:PhoenixContact_MSTBA_2,5_2-G-5,08_1x02_P5.08mm_Horizontal","PhoenixContact_MSTBA_2,5_2-G-5,08_1x02_P5.08mm_Horizontal","THT","Connector","Board connectors","J1: Provisional 9-15 V motor supply input | J2: Front-left motor output | J3: Front-right motor output | J4: Back-left motor output | J5: Back-right motor output","2-position board header; 5.08 mm pitch; separate off-board mating plug 1757019 excluded","https://www.phoenixcontact.com/en-de/products/pcb-header-mstba-25-2-g-508-1757242?type=pdf","Manufacturer source retained from prior reviewed BOM; procurement unconfirmed","UNCONFIRMED - no stock, price, supplier, purchase or assembler acceptance check","DRAFT - NOT RELEASED FOR FABRICATION"
"J6","1","Wurth Elektronik","61201621621","Pi logic / IDC16","AI_Robot:IDC_Wurth_61201621621","IDC_Wurth_61201621621","THT","Connector","Board connectors","J6: Pi 16-pin logic harness: paired PWM/DIR, RUN, ARM, HB; pins 6 and 10 NC; pin 15 GND","16-pin shrouded 2.54 mm logic header; custom footprint; not Pi 40-pin compatible","https://www.we-online.com/components/products/datasheet/61201621621.pdf","Manufacturer source retained from prior reviewed BOM; procurement unconfirmed","UNCONFIRMED - no stock, price, supplier, purchase or assembler acceptance check","DRAFT - NOT RELEASED FOR FABRICATION"
"Q1","1","Texas Instruments","CSD19537Q3","100V N-MOS","AI_Robot:CSD19537Q3_Texas_Q3","CSD19537Q3_Texas_Q3","SMD","Transistor","Input protection, feed, bulk and bleed","Q1: External N-MOS reverse blocking controlled by eFuse; drain EFUSE_IN","Use exact package suffix and project-reviewed pin map; no family-only substitution","https://www.ti.com/lit/gpn/csd19537q3","Manufacturer family datasheet and ordering format reviewed; exact orderability unconfirmed","UNCONFIRMED - no stock, price, supplier, purchase or assembler acceptance check","DRAFT - NOT RELEASED FOR FABRICATION"
"Q2","1","onsemi","BSS138","50V signal N-MOS","Package_TO_SOT_SMD:SOT-23","SOT-23","SMD","Transistor","Input protection, feed, bulk and bleed","Q2: Auxiliary reverse-input gate control; source FUSED_IN","SOT-23-3; pin 1 gate, 2 source, 3 drain; source is FUSED_IN, not ground","https://www.onsemi.com/pdf/datasheet/bss138-d.pdf","Manufacturer family datasheet and ordering format reviewed; exact orderability unconfirmed","UNCONFIRMED - no stock, price, supplier, purchase or assembler acceptance check","DRAFT - NOT RELEASED FOR FABRICATION"
"R5","1","Vishay","PR02000206800JA100","680R 5% 2W","Resistor_THT:R_Axial_DIN0414_L11.9mm_D4.5mm_P15.24mm_Horizontal","R_Axial_DIN0414_L11.9mm_D4.5mm_P15.24mm_Horizontal","THT","Resistor","Input protection, feed, bulk and bleed","R5: VM discharge/bleed resistor","680 ohm; 5%; PR02 2 W copper-lead version; formed axial lead pitch 15.24 mm","https://www.vishay.com/docs/28729/pr010203.pdf","Manufacturer family datasheet and ordering format reviewed; exact orderability unconfirmed","UNCONFIRMED - no stock, price, supplier, purchase or assembler acceptance check","DRAFT - NOT RELEASED FOR FABRICATION"
"R6","1","Vishay","TNPW0805200KBEEA","200k 0.1% 25ppm/K","Resistor_SMD:R_0805_2012Metric","R_0805_2012Metric","SMD","Resistor","VM window monitor","R6: VM undervoltage divider upper leg","0805 thin film; 0.1%; 25 ppm/K; full ordering code retained","https://www.vishay.com/docs/28758/tnpw_e3.pdf","Manufacturer family datasheet and ordering format reviewed; exact orderability unconfirmed","UNCONFIRMED - no stock, price, supplier, purchase or assembler acceptance check","DRAFT - NOT RELEASED FOR FABRICATION"
"R7,R9,R10,R12,R21,R23,R25,R27,R29,R31,R33,R35,R41,R43,R46","15","Vishay","TNPW080510K0BEEA","10k 0.1% 25ppm/K | 10k 0.1%","Resistor_SMD:R_0805_2012Metric","R_0805_2012Metric","SMD","Resistor","VM window monitor | Sleep/feed qualification | Drivers and local support | Input protection, feed, bulk and bleed","R7: VM undervoltage divider lower leg | R9: VM overvoltage divider lower leg | R10: Shared FAULT_OK_RAW pullup to PI_3V3 | R12: eFuse SHDN default-low resistor | R21: front-left VREF divider lower leg | R23: front-left nSLEEP/FEED_ENABLE default-low resistor | R25: front-right VREF divider lower leg | R27: front-right nSLEEP/FEED_ENABLE default-low resistor | R29: back-left VREF divider lower leg | R31: back-left nSLEEP/FEED_ENABLE default-low resistor | R33: back-right VREF divider lower leg | R35: back-right nSLEEP/FEED_ENABLE default-low resistor | R41: eFuse input undervoltage divider lower leg | R43: eFuse input overvoltage divider lower leg | R46: eFuse output power-good divider lower leg","0805 thin film; 0.1%; 25 ppm/K; full ordering code retained","https://www.vishay.com/docs/28758/tnpw_e3.pdf","Manufacturer family datasheet and ordering format reviewed; exact orderability unconfirmed","UNCONFIRMED - no stock, price, supplier, purchase or assembler acceptance check","DRAFT - NOT RELEASED FOR FABRICATION"
"R8","1","Vishay","TNPW0805442KBEEA","442k 0.1% 25ppm/K","Resistor_SMD:R_0805_2012Metric","R_0805_2012Metric","SMD","Resistor","VM window monitor","R8: VM overvoltage divider upper leg","0805 thin film; 0.1%; 25 ppm/K; full ordering code retained","https://www.vishay.com/docs/28758/tnpw_e3.pdf","Manufacturer family datasheet and ordering format reviewed; exact orderability unconfirmed","UNCONFIRMED - no stock, price, supplier, purchase or assembler acceptance check","DRAFT - NOT RELEASED FOR FABRICATION"
"R11","1","Vishay","TNPW08051K00BEEA","1k 0.1% 25ppm/K","Resistor_SMD:R_0805_2012Metric","R_0805_2012Metric","SMD","Resistor","Sleep/feed qualification","R11: eFuse SHDN series resistor","0805 thin film; 0.1%; 25 ppm/K; full ordering code retained","https://www.vishay.com/docs/28758/tnpw_e3.pdf","Manufacturer family datasheet and ordering format reviewed; exact orderability unconfirmed","UNCONFIRMED - no stock, price, supplier, purchase or assembler acceptance check","DRAFT - NOT RELEASED FOR FABRICATION"
"R20,R24,R28,R32","4","Vishay","TNPW080520K0BEEA","20k 0.1% 25ppm/K","Resistor_SMD:R_0805_2012Metric","R_0805_2012Metric","SMD","Resistor","Drivers and local support","R20: front-left VREF divider upper leg | R24: front-right VREF divider upper leg | R28: back-left VREF divider upper leg | R32: back-right VREF divider upper leg","0805 thin film; 0.1%; 25 ppm/K; full ordering code retained","https://www.vishay.com/docs/28758/tnpw_e3.pdf","Manufacturer family datasheet and ordering format reviewed; exact orderability unconfirmed","UNCONFIRMED - no stock, price, supplier, purchase or assembler acceptance check","DRAFT - NOT RELEASED FOR FABRICATION"
"R22,R26,R30,R34","4","Vishay","TNPW08053K09BEEA","3.09k 0.1% 25ppm/K","Resistor_SMD:R_0805_2012Metric","R_0805_2012Metric","SMD","Resistor","Drivers and local support","R22: front-left IPROPI current-regulation/sense resistor | R26: front-right IPROPI current-regulation/sense resistor | R30: back-left IPROPI current-regulation/sense resistor | R34: back-right IPROPI current-regulation/sense resistor","0805 thin film; 0.1%; 25 ppm/K; full ordering code retained","https://www.vishay.com/docs/28758/tnpw_e3.pdf","Manufacturer family datasheet and ordering format reviewed; exact orderability unconfirmed","UNCONFIRMED - no stock, price, supplier, purchase or assembler acceptance check","DRAFT - NOT RELEASED FOR FABRICATION"
"R40","1","Vishay","TNPW080553K6BEEA","53.6k 0.1%","Resistor_SMD:R_0805_2012Metric","R_0805_2012Metric","SMD","Resistor","Input protection, feed, bulk and bleed","R40: eFuse input undervoltage divider upper leg","0805 thin film; 0.1%; 25 ppm/K; full ordering code retained","https://www.vishay.com/docs/28758/tnpw_e3.pdf","Manufacturer family datasheet and ordering format reviewed; exact orderability unconfirmed","UNCONFIRMED - no stock, price, supplier, purchase or assembler acceptance check","DRAFT - NOT RELEASED FOR FABRICATION"
"R42","1","Vishay","TNPW0805124KBEEA","124k 0.1%","Resistor_SMD:R_0805_2012Metric","R_0805_2012Metric","SMD","Resistor","Input protection, feed, bulk and bleed","R42: eFuse input overvoltage divider upper leg","0805 thin film; 0.1%; 25 ppm/K; full ordering code retained","https://www.vishay.com/docs/28758/tnpw_e3.pdf","Manufacturer family datasheet and ordering format reviewed; exact orderability unconfirmed","UNCONFIRMED - no stock, price, supplier, purchase or assembler acceptance check","DRAFT - NOT RELEASED FOR FABRICATION"
"R44","1","YAGEO","RC0603FR-076K04L","6.04k 1%","Resistor_SMD:R_0603_1608Metric","R_0603_1608Metric","SMD","Resistor","Input protection, feed, bulk and bleed","R44: eFuse total current-limit programming","0603; 1%; 0.1 W at 70 C","https://yageogroup.com/component-documentation/download/specsheet/RC0603FR-076K04L","Manufacturer part-specific document/page reviewed; procurement unconfirmed","UNCONFIRMED - no stock, price, supplier, purchase or assembler acceptance check","DRAFT - NOT RELEASED FOR FABRICATION"
"R45","1","Vishay","TNPW080560K4BEEA","60.4k 0.1%","Resistor_SMD:R_0805_2012Metric","R_0805_2012Metric","SMD","Resistor","Input protection, feed, bulk and bleed","R45: eFuse output power-good divider upper leg","0805 thin film; 0.1%; 25 ppm/K; full ordering code retained","https://www.vishay.com/docs/28758/tnpw_e3.pdf","Manufacturer family datasheet and ordering format reviewed; exact orderability unconfirmed","UNCONFIRMED - no stock, price, supplier, purchase or assembler acceptance check","DRAFT - NOT RELEASED FOR FABRICATION"
"R100,R104,R112,R116,R124,R126,R128","7","YAGEO","RC0603FR-07330RL","330","Resistor_SMD:R_0603_1608Metric","R_0603_1608Metric","SMD","Resistor","PWM/DIR decode and input conditioning | RUN/ARM/HB and fault conditioning","R100: GPIO18 left PWM series input resistor | R104: GPIO23 left DIR series input resistor | R112: GPIO13 right PWM series input resistor | R116: GPIO5 right DIR series input resistor | R124: GPIO25 RUN series input resistor | R126: GPIO17 ARM series input resistor | R128: GPIO27 heartbeat series input resistor","0603; 1%; 0.1 W at 70 C","https://yageogroup.com/component-documentation/download/specsheet/RC0603FR-07330RL","Manufacturer source retained from prior reviewed BOM; procurement unconfirmed","UNCONFIRMED - no stock, price, supplier, purchase or assembler acceptance check","DRAFT - NOT RELEASED FOR FABRICATION"
"R101,R105,R113,R117,R125,R127,R129,R130,R131,R134,R139,R140,R141","13","YAGEO","RC0603FR-0710KL","10k","Resistor_SMD:R_0603_1608Metric","R_0603_1608Metric","SMD","Resistor","PWM/DIR decode and input conditioning | RUN/ARM/HB and fault conditioning | Watchdog | Physical inhibit and filter | Arm latch and permission gates","R101: left PWM raw-input default-low resistor | R105: left DIR raw-input default-low resistor | R113: right PWM raw-input default-low resistor | R117: right DIR raw-input default-low resistor | R125: RUN raw-input default-low resistor | R127: ARM raw-input default-low resistor | R129: heartbeat raw-input default-low resistor | R130: Watchdog factory-timeout selection | R131: Watchdog open-drain output pullup | R134: Physical inhibit raw-input default-low resistor | R139: Arm latch output default-low resistor | R140: ALL_OK default-low resistor | R141: DRIVE_ENABLE_CMD default-low resistor","0603; 1%; 0.1 W at 70 C","https://yageogroup.com/component-documentation/download/specsheet/RC0603FR-0710KL","Manufacturer source retained from prior reviewed BOM; procurement unconfirmed","UNCONFIRMED - no stock, price, supplier, purchase or assembler acceptance check","DRAFT - NOT RELEASED FOR FABRICATION"
"R132,R138","2","YAGEO","RC0603FR-07100KL","100k","Resistor_SMD:R_0603_1608Metric","R_0603_1608Metric","SMD","Resistor","RUN/ARM/HB and fault conditioning | Logic-rail supervisor","R132: Buffered heartbeat default-low resistor | R138: Logic supervisor output default-low resistor","0603; 1%; 0.1 W at 70 C","https://yageogroup.com/component-documentation/download/specsheet/RC0603FR-07100KL","Manufacturer source retained from prior reviewed BOM; procurement unconfirmed","UNCONFIRMED - no stock, price, supplier, purchase or assembler acceptance check","DRAFT - NOT RELEASED FOR FABRICATION"
"R133","1","YAGEO","RC0603FR-071KL","1k","Resistor_SMD:R_0603_1608Metric","R_0603_1608Metric","SMD","Resistor","Physical inhibit and filter","R133: Physical switch supply series resistor","0603; 1%; 0.1 W at 70 C","https://yageogroup.com/component-documentation/download/specsheet/RC0603FR-071KL","Manufacturer source retained from prior reviewed BOM; procurement unconfirmed","UNCONFIRMED - no stock, price, supplier, purchase or assembler acceptance check","DRAFT - NOT RELEASED FOR FABRICATION"
"SW1","1","C&K","JS102011SAQN","JS102011SAQN","Button_Switch_SMD:SW_SPDT_CK_JS102011SAQN","SW_SPDT_CK_JS102011SAQN","SMD","Switch","Physical inhibit and filter","SW1: Physical logic inhibit: lowers driver nSLEEP and eFuse SHDN; stored VM remains","SPDT logic switch; controls sleep and semiconductor feed inhibit; not galvanic isolation","https://www.ckswitches.com/media/1422/js.pdf","Manufacturer source retained from prior reviewed BOM; procurement unconfirmed","UNCONFIRMED - no stock, price, supplier, purchase or assembler acceptance check","DRAFT - NOT RELEASED FOR FABRICATION"
"U3","1","Texas Instruments","SN74LVC08APWR","SN74LVC08A","Package_SO:TSSOP-14_4.4x5mm_P0.65mm","TSSOP-14_4.4x5mm_P0.65mm","SMD","IC","PWM/DIR decode and input conditioning","U3: AND each decoded motor input with DRIVE_ENABLE_CMD; disarm commands coast","Use exact package suffix and project-reviewed pin map; no family-only substitution","https://www.ti.com/lit/gpn/sn74lvc08a","Manufacturer family datasheet and ordering format reviewed; exact orderability unconfirmed","UNCONFIRMED - no stock, price, supplier, purchase or assembler acceptance check","DRAFT - NOT RELEASED FOR FABRICATION"
"U4","1","Texas Instruments","TPS3431SDRBR","TPS3431SDRBR","AI_Robot:TPS3431_DRB8_3x3_P0.65","TPS3431_DRB8_3x3_P0.65","SMD","IC","Watchdog","U4: Independent heartbeat watchdog; factory timeout selection","Use exact package suffix and project-reviewed pin map; no family-only substitution","https://www.ti.com/lit/gpn/tps3431","Manufacturer source retained from prior reviewed BOM; procurement unconfirmed","UNCONFIRMED - no stock, price, supplier, purchase or assembler acceptance check","DRAFT - NOT RELEASED FOR FABRICATION"
"U5","1","Texas Instruments","SN74LVC1G74DCUR","SN74LVC1G74DCUR","AI_Robot:TI_DCU0008A","TI_DCU0008A","SMD","IC","Arm latch and permission gates","U5: Fresh-ARM latch with asynchronous clear","Use exact package suffix and project-reviewed pin map; no family-only substitution","https://www.ti.com/lit/gpn/sn74lvc1g74","Manufacturer source retained from prior reviewed BOM; procurement unconfirmed","UNCONFIRMED - no stock, price, supplier, purchase or assembler acceptance check","DRAFT - NOT RELEASED FOR FABRICATION"
"U6","1","Texas Instruments","SN74LVC11APWR","SN74LVC11APWR","Package_SO:TSSOP-14_4.4x5mm_P0.65mm","TSSOP-14_4.4x5mm_P0.65mm","SMD","IC","Arm latch and permission gates","U6: Combine rail, physical, fault, watchdog, RUN and arm permissions","Use exact package suffix and project-reviewed pin map; no family-only substitution","https://www.ti.com/lit/gpn/sn74lvc11a","Manufacturer source retained from prior reviewed BOM; procurement unconfirmed","UNCONFIRMED - no stock, price, supplier, purchase or assembler acceptance check","DRAFT - NOT RELEASED FOR FABRICATION"
"U7","1","Texas Instruments","TPS3839G33DBZR","TPS3839G33DBZR","Package_TO_SOT_SMD:SOT-23","SOT-23","SMD","IC","Logic-rail supervisor","U7: PI_3V3 supervisor/reset qualification","Use exact package suffix and project-reviewed pin map; no family-only substitution","https://www.ti.com/lit/gpn/tps3839","Manufacturer source retained from prior reviewed BOM; procurement unconfirmed","UNCONFIRMED - no stock, price, supplier, purchase or assembler acceptance check","DRAFT - NOT RELEASED FOR FABRICATION"
"U8,U9,U12","3","Texas Instruments","SN74LVC2G17DBVR","SN74LVC2G17DBVR","Package_TO_SOT_SMD:SOT-23-6","SOT-23-6","SMD","IC","RUN/ARM/HB and fault conditioning","U8: Schmitt conditioning of physical inhibit and watchdog output | U9: Schmitt conditioning of shared fault and heartbeat | U12: Schmitt conditioning of RUN and ARM inputs","Use exact package suffix and project-reviewed pin map; no family-only substitution","https://www.ti.com/lit/gpn/sn74lvc2g17","Manufacturer source retained from prior reviewed BOM; procurement unconfirmed","UNCONFIRMED - no stock, price, supplier, purchase or assembler acceptance check","DRAFT - NOT RELEASED FOR FABRICATION"
"U11","1","Texas Instruments","TPS3700DDCR","TPS3700","Package_TO_SOT_SMD:SOT-23-6","SOT-23-6","SMD","IC","VM window monitor","U11: VM undervoltage/overvoltage window monitor","Use exact package suffix and project-reviewed pin map; no family-only substitution","https://www.ti.com/lit/gpn/tps3700","Manufacturer source retained from prior reviewed BOM; procurement unconfirmed","UNCONFIRMED - no stock, price, supplier, purchase or assembler acceptance check","DRAFT - NOT RELEASED FOR FABRICATION"
"U13","1","Texas Instruments","TPS26630RGER","TPS26630","AI_Robot:TPS26630_RGE0024H_EP2.7x2.7","TPS26630_RGE0024H_EP2.7x2.7","SMD","IC","Input protection, feed, bulk and bleed","U13: Input eFuse, current limit, controlled ramp, UV/OV and reverse-block FET control","Use exact package suffix and project-reviewed pin map; no family-only substitution","https://www.ti.com/lit/gpn/tps2663","Manufacturer family datasheet and ordering format reviewed; exact orderability unconfirmed","UNCONFIRMED - no stock, price, supplier, purchase or assembler acceptance check","DRAFT - NOT RELEASED FOR FABRICATION"
"U14","1","Texas Instruments","SN74LVC1G08DBVR","SN74LVC1G08","Package_TO_SOT_SMD:SOT-23-5","SOT-23-5","SMD","IC","Sleep/feed qualification","U14: FEED_ENABLE = LOGIC_GOOD AND PHYS_OK; controls driver sleep and eFuse shutdown","Use exact package suffix and project-reviewed pin map; no family-only substitution","https://www.ti.com/lit/gpn/sn74lvc1g08","Manufacturer family datasheet and ordering format reviewed; exact orderability unconfirmed","UNCONFIRMED - no stock, price, supplier, purchase or assembler acceptance check","DRAFT - NOT RELEASED FOR FABRICATION"
"U15","1","Texas Instruments","SN74LVC2G14DBVR","SN74LVC2G14","Package_TO_SOT_SMD:SOT-23-6","SOT-23-6","SMD","IC","PWM/DIR decode and input conditioning","U15: Schmitt inversion of left/right DIR inputs","Use exact package suffix and project-reviewed pin map; no family-only substitution","https://www.ti.com/lit/gpn/sn74lvc2g14","Manufacturer family datasheet and ordering format reviewed; exact orderability unconfirmed","UNCONFIRMED - no stock, price, supplier, purchase or assembler acceptance check","DRAFT - NOT RELEASED FOR FABRICATION"
"U16","1","Texas Instruments","SN74LVC132APWR","SN74LVC132A","Package_SO:TSSOP-14_4.4x5mm_P0.65mm","TSSOP-14_4.4x5mm_P0.65mm","SMD","IC","PWM/DIR decode and input conditioning","U16: Schmitt NAND PWM/DIR decoding for driver PWM mode","Use exact package suffix and project-reviewed pin map; no family-only substitution","https://www.ti.com/lit/gpn/sn74lvc132a","Manufacturer family datasheet and ordering format reviewed; exact orderability unconfirmed","UNCONFIRMED - no stock, price, supplier, purchase or assembler acceptance check","DRAFT - NOT RELEASED FOR FABRICATION"
"U20,U21,U22,U23","4","Texas Instruments","DRV8874PWPR","DRV8874","AI_Robot:DRV8874_PWP0016J_EP3.4x5","DRV8874_PWP0016J_EP3.4x5","SMD","IC","Drivers and local support","U20: front-left DRV8874 H-bridge with internal current sensing/regulation | U21: front-right DRV8874 H-bridge with internal current sensing/regulation | U22: back-left DRV8874 H-bridge with internal current sensing/regulation | U23: back-right DRV8874 H-bridge with internal current sensing/regulation","Use exact package suffix and project-reviewed pin map; no family-only substitution","https://www.ti.com/lit/gpn/drv8874","Manufacturer family datasheet and ordering format reviewed; exact orderability unconfirmed","UNCONFIRMED - no stock, price, supplier, purchase or assembler acceptance check","DRAFT - NOT RELEASED FOR FABRICATION"
