Status	References	Quantity_per_board	Manufacturer	MPN	Value	Footprint	Mount	Source_URL	Notes
DRAFT - NOT RELEASED FOR FABRICATION	C1,C2	2	Panasonic	EEUFR1E102	1000uF25V20%	Capacitor_THT:CP_Radial_D10.0mm_P5.00mm	THT	https://industrial.panasonic.com/ww/products/pt/aluminum-cap-lead/models/EEUFR1E102	1000 uF; 25 V; 20%; radial D10 x L20 mm; P5 mm
DRAFT - NOT RELEASED FOR FABRICATION	C3,C5,C7,C9	4	Panasonic	EEUFR1E470	47uF25V20%	Capacitor_THT:CP_Radial_D5.0mm_P2.00mm	THT	https://industrial.panasonic.com/ww/products/pt/aluminum-cap-lead/models/EEUFR1E470	47 uF; 25 V; 20%; radial D5 x L11 mm; P2 mm
DRAFT - NOT RELEASED FOR FABRICATION	C4,C6,C8,C10,C11	5	KEMET	C0805C104K5RACTU	100nF 50V X7R	Capacitor_SMD:C_0805_2012Metric	SMD	https://search.kemet.com/download/specsheet/C0805C104K5RACTU	100 nF; 50 V; X7R; 10%; 0805
DRAFT - NOT RELEASED FOR FABRICATION	C100	1	Murata	GRM1885C1H102JA01D	1nF	Capacitor_SMD:C_0603_1608Metric	SMD	https://datasheet.octopart.com/GRM1885C1H102JA01D-Murata-datasheet-140695818.pdf	Manufacturer-authored archived datasheet; direct manufacturer retrieval unavailable; refresh before procurement; 1 nF; C0G; 50 V; 5%; 0603
DRAFT - NOT RELEASED FOR FABRICATION	C101,C102,C103,C104,C105,C106,C107,C108,C109	9	YAGEO	CC0603KRX7R9BB104	100nF	Capacitor_SMD:C_0603_1608Metric	SMD	https://yageogroup.com/download/specsheet/CC0603KRX7R9BB104	100 nF; 50 V; X7R; 10%; 0603
DRAFT - NOT RELEASED FOR FABRICATION	D1	1	Vishay	SSC54-E3/57T	40V 5A	Diode_SMD:D_SMC	SMD	https://www.vishay.com/docs/88885/ssc53l.pdf	SMC; cathode band to REV_PROTECTED
DRAFT - NOT RELEASED FOR FABRICATION	D2	1	Littelfuse	SMBJ7.0A	7V unidirectional	Diode_SMD:D_SMB	SMD	https://www.littelfuse.com/assetdocs/tvs-diodes-smbj-series-datasheet?assetguid=ba555e99-a12d-4f72-a0b6-86b06c67171e	Unidirectional; cathode band to VM
DRAFT - NOT RELEASED FOR FABRICATION	F1	1	Littelfuse	0451002.MRL	2A 125V	AI_Robot:Fuse_Littelfuse_451	SMD	https://www.littelfuse.com/assetdocs/fuse-451-and-453-datasheet?assetguid=533cd5cc-956c-4243-867f-6ab5a62f6ba1	2 A; non-resettable; not a per-channel current limiter
DRAFT - NOT RELEASED FOR FABRICATION	J1,J2,J3,J4,J5	5	Phoenix Contact	1757242	Phoenix MSTBA2.5/2-G5.08	Connector_Phoenix_MSTB:PhoenixContact_MSTBA_2,5_2-G-5,08_1x02_P5.08mm_Horizontal	THT	https://www.phoenixcontact.com/en-de/products/pcb-header-mstba-25-2-g-508-1757242?type=pdf	Board header only; off-board mating plug 1757019 listed separately
DRAFT - NOT RELEASED FOR FABRICATION	J6	1	Wurth Elektronik	61201621621	Pi logic / IDC16	AI_Robot:IDC_Wurth_61201621621	THT	https://www.we-online.com/components/products/datasheet/61201621621.pdf	Shrouded 16-pin logic header; custom project footprint; not Pi 40-pin compatible
DRAFT - NOT RELEASED FOR FABRICATION	Q1	1	Alpha & Omega Semiconductor	AO3401A	-30V P-MOS	Package_TO_SOT_SMD:SOT-23	SMD	https://www.aosmd.com/pdfs/datasheet/AO3401A.pdf	SOT-23; pin1 G, pin2 S, pin3 D
DRAFT - NOT RELEASED FOR FABRICATION	Q2	1	onsemi	MMBT3904LT1G	40V NPN	Package_TO_SOT_SMD:SOT-23	SMD	https://www.onsemi.com/pdf/datasheet/mmbt3904lt1-d.pdf	SOT-23; pin1 B, pin2 E, pin3 C
DRAFT - NOT RELEASED FOR FABRICATION	R1	1	Vishay	TNPW080522K0BEEA	22k 0.1% 25ppm/K	Resistor_SMD:R_0805_2012Metric	SMD	https://www.vishay.com/docs/28758/tnpw_e3.pdf	Full manufacturer ordering code; 0805; 0.1%; 25 ppm/K
DRAFT - NOT RELEASED FOR FABRICATION	R2	1	Vishay	TNPW08054K70BEEA	4.7k 0.1% 25ppm/K	Resistor_SMD:R_0805_2012Metric	SMD	https://www.vishay.com/docs/28758/tnpw_e3.pdf	Full manufacturer ordering code; 0805; 0.1%; 25 ppm/K
DRAFT - NOT RELEASED FOR FABRICATION	R3,R7,R9,R10	4	Vishay	TNPW080510K0BEEA	10k 0.1% 25ppm/K	Resistor_SMD:R_0805_2012Metric	SMD	https://www.vishay.com/docs/28758/tnpw_e3.pdf	Full manufacturer ordering code; 0805; 0.1%; 25 ppm/K
DRAFT - NOT RELEASED FOR FABRICATION	R4	1	Vishay	TNPW0805100KBEEA	100k 0.1% 25ppm/K	Resistor_SMD:R_0805_2012Metric	SMD	https://www.vishay.com/docs/28758/tnpw_e3.pdf	Full manufacturer ordering code; 0805; 0.1%; 25 ppm/K
DRAFT - NOT RELEASED FOR FABRICATION	R5	1	Vishay	PR02000203300JA100	330R 5% 2W	Resistor_THT:R_Axial_DIN0414_L11.9mm_D4.5mm_P15.24mm_Horizontal	THT	https://www.vishay.com/docs/28729/pr010203.pdf	330 ohm; 5%; Cu lead 2 W version; horizontal formed leads
DRAFT - NOT RELEASED FOR FABRICATION	R6	1	Vishay	TNPW0805110KBEEA	110k 0.1% 25ppm/K	Resistor_SMD:R_0805_2012Metric	SMD	https://www.vishay.com/docs/28758/tnpw_e3.pdf	Full manufacturer ordering code; 0805; 0.1%; 25 ppm/K
DRAFT - NOT RELEASED FOR FABRICATION	R8	1	Vishay	TNPW0805169KBEEA	169k 0.1% 25ppm/K	Resistor_SMD:R_0805_2012Metric	SMD	https://www.vishay.com/docs/28758/tnpw_e3.pdf	Full manufacturer ordering code; 0805; 0.1%; 25 ppm/K
DRAFT - NOT RELEASED FOR FABRICATION	R100,R104,R108,R112,R116,R120,R124,R126,R128	9	YAGEO	RC0603FR-07330RL	330	Resistor_SMD:R_0603_1608Metric	SMD	https://yageogroup.com/component-documentation/download/specsheet/RC0603FR-07330RL	0603; 1%; 0.1 W at 70 C
DRAFT - NOT RELEASED FOR FABRICATION	R101,R103,R105,R107,R109,R111,R113,R115,R117,R119,R121,R123,R125,R127,R129,R130,R131,R134,R136,R137,R139,R140,R141	23	YAGEO	RC0603FR-0710KL	10k	Resistor_SMD:R_0603_1608Metric	SMD	https://yageogroup.com/component-documentation/download/specsheet/RC0603FR-0710KL	0603; 1%; 0.1 W at 70 C
DRAFT - NOT RELEASED FOR FABRICATION	R102,R106,R110,R114,R118,R122,R133,R135	8	YAGEO	RC0603FR-071KL	1k	Resistor_SMD:R_0603_1608Metric	SMD	https://yageogroup.com/component-documentation/download/specsheet/RC0603FR-071KL	0603; 1%; 0.1 W at 70 C
DRAFT - NOT RELEASED FOR FABRICATION	R132,R138	2	YAGEO	RC0603FR-07100KL	100k	Resistor_SMD:R_0603_1608Metric	SMD	https://yageogroup.com/component-documentation/download/specsheet/RC0603FR-07100KL	0603; 1%; 0.1 W at 70 C
DRAFT - NOT RELEASED FOR FABRICATION	SW1	1	C&K	JS102011SAQN	JS102011SAQN	Button_Switch_SMD:SW_SPDT_CK_JS102011SAQN	SMD	https://www.ckswitches.com/media/1422/js.pdf	SPDT logic enable switch; does not interrupt motor power
DRAFT - NOT RELEASED FOR FABRICATION	U1,U2	2	Toshiba	TB6612FNG(O,C,8,EL	TB6612FNG	AI_Robot:TB6612FNG_SSOP24_5.6x7.8_P0.65	SMD	https://toshiba.semicon-storage.com/eu/semiconductor/product/motor-driver-ics/brushed-dc-motor-driver-ics/detail.TB6612FNG.html	Current manufacturer orderable example; exact delivery suffix confirmation deferred
DRAFT - NOT RELEASED FOR FABRICATION	U3	1	Texas Instruments	SN74LVC07APWR	SN74LVC07APWR	Package_SO:TSSOP-14_4.4x5mm_P0.65mm	SMD	https://www.ti.com/lit/ds/symlink/sn74lvc07a.pdf	Package-specific pin map required; no substitution by family name alone
DRAFT - NOT RELEASED FOR FABRICATION	U4	1	Texas Instruments	TPS3431SDRBR	TPS3431SDRBR	AI_Robot:TPS3431_DRB8_3x3_P0.65	SMD	https://www.ti.com/lit/ds/symlink/tps3431.pdf	Package-specific pin map required; no substitution by family name alone
DRAFT - NOT RELEASED FOR FABRICATION	U5	1	Texas Instruments	SN74LVC1G74DCUR	SN74LVC1G74DCUR	AI_Robot:TI_DCU0008A	SMD	https://www.ti.com/lit/ds/symlink/sn74lvc1g74.pdf	Package-specific pin map required; no substitution by family name alone
DRAFT - NOT RELEASED FOR FABRICATION	U6	1	Texas Instruments	SN74LVC11APWR	SN74LVC11APWR	Package_SO:TSSOP-14_4.4x5mm_P0.65mm	SMD	https://www.ti.com/lit/ds/symlink/sn74lvc11a.pdf	Package-specific pin map required; no substitution by family name alone
DRAFT - NOT RELEASED FOR FABRICATION	U7	1	Texas Instruments	TPS3839G33DBZR	TPS3839G33DBZR	Package_TO_SOT_SMD:SOT-23	SMD	https://www.ti.com/lit/ds/symlink/tps3839.pdf	Package-specific pin map required; no substitution by family name alone
DRAFT - NOT RELEASED FOR FABRICATION	U8,U9,U12	3	Texas Instruments	SN74LVC2G17DBVR	SN74LVC2G17DBVR	Package_TO_SOT_SMD:SOT-23-6	SMD	https://www.ti.com/lit/ds/symlink/sn74lvc2g17.pdf	Package-specific pin map required; no substitution by family name alone
DRAFT - NOT RELEASED FOR FABRICATION	U10	1	Texas Instruments	SN74LVC1G07DBVR	SN74LVC1G07DBVR	Package_TO_SOT_SMD:SOT-23-5	SMD	https://www.ti.com/lit/ds/symlink/sn74lvc1g07.pdf	Package-specific pin map required; no substitution by family name alone
DRAFT - NOT RELEASED FOR FABRICATION	U11	1	Texas Instruments	TPS3700DDCR	TPS3700	Package_TO_SOT_SMD:SOT-23-6	SMD	https://www.ti.com/lit/ds/symlink/tps3700.pdf	Package-specific pin map required; no substitution by family name alone
