Ref,Val,Package,PosX,PosY,Rot,Side
"C1","1000uF25V20%","CP_Radial_D10.0mm_P5.00mm",53.000000,6.000000,0.000000,top
"C2","1000uF25V20%","CP_Radial_D10.0mm_P5.00mm",66.000000,6.000000,0.000000,top
"C3","47uF25V20%","CP_Radial_D5.0mm_P2.00mm",63.000000,62.000000,0.000000,top
"C4","100nF 50V X7R","C_0805_2012Metric",69.000000,60.000000,90.000000,top
"C5","47uF25V20%","CP_Radial_D5.0mm_P2.00mm",63.000000,52.000000,0.000000,top
"C6","100nF 50V X7R","C_0805_2012Metric",69.000000,55.000000,90.000000,top
"C7","47uF25V20%","CP_Radial_D5.0mm_P2.00mm",63.000000,29.000000,0.000000,top
"C8","100nF 50V X7R","C_0805_2012Metric",69.000000,26.000000,90.000000,top
"C9","47uF25V20%","CP_Radial_D5.0mm_P2.00mm",63.000000,21.000000,0.000000,top
"C10","100nF 50V X7R","C_0805_2012Metric",69.000000,21.000000,90.000000,top
"C11","100nF 50V X7R","C_0805_2012Metric",50.000000,19.000000,0.000000,top
"C100","1nF","C_0603_1608Metric",29.000000,25.000000,0.000000,top
"C101","100nF","C_0603_1608Metric",28.000000,61.000000,0.000000,top
"C102","100nF","C_0603_1608Metric",24.000000,34.000000,90.000000,top
"C103","100nF","C_0603_1608Metric",49.000000,33.000000,90.000000,top
"C104","100nF","C_0603_1608Metric",58.000000,44.000000,90.000000,top
"C105","100nF","C_0603_1608Metric",22.000000,17.000000,90.000000,top
"C106","100nF","C_0603_1608Metric",34.000000,22.000000,90.000000,top
"C107","100nF","C_0603_1608Metric",47.000000,23.000000,90.000000,top
"C108","100nF","C_0603_1608Metric",65.000000,36.000000,90.000000,top
"C109","100nF","C_0603_1608Metric",32.000000,42.000000,90.000000,top
"D1","40V 5A","D_SMC",35.000000,6.000000,0.000000,top
"D2","7V unidirectional","D_SMB",81.000000,5.000000,0.000000,top
"F1","2A 125V","Fuse_Littelfuse_451",27.000000,11.500000,0.000000,top
"J1","Phoenix MSTBA2.5/2-G5.08","PhoenixContact_MSTBA_2,5_2-G-5,08_1x02_P5.08mm_Horizontal",13.000000,13.000000,0.000000,top
"J2","Phoenix MSTBA2.5/2-G5.08","PhoenixContact_MSTBA_2,5_2-G-5,08_1x02_P5.08mm_Horizontal",86.500000,46.000000,90.000000,top
"J3","Phoenix MSTBA2.5/2-G5.08","PhoenixContact_MSTBA_2,5_2-G-5,08_1x02_P5.08mm_Horizontal",86.500000,61.500000,90.000000,top
"J4","Phoenix MSTBA2.5/2-G5.08","PhoenixContact_MSTBA_2,5_2-G-5,08_1x02_P5.08mm_Horizontal",86.500000,15.500000,90.000000,top
"J5","Phoenix MSTBA2.5/2-G5.08","PhoenixContact_MSTBA_2,5_2-G-5,08_1x02_P5.08mm_Horizontal",86.500000,31.000000,90.000000,top
"J6","Pi logic / IDC16","IDC_Wurth_61201621621",10.000000,65.000000,0.000000,top
"Q1","-30V P-MOS","SOT-23",43.000000,7.000000,0.000000,top
"Q2","40V NPN","SOT-23",40.000000,15.000000,0.000000,top
"R1","22k 0.1% 25ppm/K","R_0805_2012Metric",47.000000,9.000000,90.000000,top
"R2","4.7k 0.1% 25ppm/K","R_0805_2012Metric",43.000000,13.000000,0.000000,top
"R3","10k 0.1% 25ppm/K","R_0805_2012Metric",34.000000,14.000000,0.000000,top
"R4","100k 0.1% 25ppm/K","R_0805_2012Metric",34.500000,18.000000,90.000000,top
"R5","330R 5% 2W","R_Axial_DIN0414_L11.9mm_D4.5mm_P15.24mm_Horizontal",46.000000,74.000000,0.000000,top
"R6","110k 0.1% 25ppm/K","R_0805_2012Metric",58.000000,20.000000,90.000000,top
"R7","10k 0.1% 25ppm/K","R_0805_2012Metric",58.000000,16.000000,90.000000,top
"R8","169k 0.1% 25ppm/K","R_0805_2012Metric",63.000000,16.000000,90.000000,top
"R9","10k 0.1% 25ppm/K","R_0805_2012Metric",63.000000,12.000000,90.000000,top
"R10","10k 0.1% 25ppm/K","R_0805_2012Metric",49.000000,15.000000,90.000000,top
"R100","330","R_0603_1608Metric",18.000000,66.000000,90.000000,top
"R101","10k","R_0603_1608Metric",22.000000,66.000000,90.000000,top
"R102","1k","R_0603_1608Metric",35.000000,66.000000,90.000000,top
"R103","10k","R_0603_1608Metric",39.000000,66.000000,90.000000,top
"R104","330","R_0603_1608Metric",18.000000,62.000000,90.000000,top
"R105","10k","R_0603_1608Metric",22.000000,62.000000,90.000000,top
"R106","1k","R_0603_1608Metric",35.000000,62.000000,90.000000,top
"R107","10k","R_0603_1608Metric",39.000000,62.000000,90.000000,top
"R108","330","R_0603_1608Metric",18.000000,58.000000,90.000000,top
"R109","10k","R_0603_1608Metric",22.000000,58.000000,90.000000,top
"R110","1k","R_0603_1608Metric",35.000000,58.000000,90.000000,top
"R111","10k","R_0603_1608Metric",39.000000,58.000000,90.000000,top
"R112","330","R_0603_1608Metric",18.000000,54.000000,90.000000,top
"R113","10k","R_0603_1608Metric",22.000000,54.000000,90.000000,top
"R114","1k","R_0603_1608Metric",35.000000,54.000000,90.000000,top
"R115","10k","R_0603_1608Metric",39.000000,54.000000,90.000000,top
"R116","330","R_0603_1608Metric",18.000000,50.000000,90.000000,top
"R117","10k","R_0603_1608Metric",22.000000,50.000000,90.000000,top
"R118","1k","R_0603_1608Metric",35.000000,50.000000,90.000000,top
"R119","10k","R_0603_1608Metric",39.000000,50.000000,90.000000,top
"R120","330","R_0603_1608Metric",18.000000,46.000000,90.000000,top
"R121","10k","R_0603_1608Metric",22.000000,46.000000,90.000000,top
"R122","1k","R_0603_1608Metric",35.000000,46.000000,90.000000,top
"R123","10k","R_0603_1608Metric",39.000000,46.000000,90.000000,top
"R124","330","R_0603_1608Metric",16.000000,38.000000,0.000000,top
"R125","10k","R_0603_1608Metric",20.000000,38.000000,90.000000,top
"R126","330","R_0603_1608Metric",16.000000,34.000000,0.000000,top
"R127","10k","R_0603_1608Metric",20.000000,34.000000,90.000000,top
"R128","330","R_0603_1608Metric",16.000000,30.000000,0.000000,top
"R129","10k","R_0603_1608Metric",20.000000,30.000000,90.000000,top
"R130","10k","R_0603_1608Metric",27.000000,38.000000,0.000000,top
"R131","10k","R_0603_1608Metric",32.000000,37.000000,0.000000,top
"R132","100k","R_0603_1608Metric",33.000000,30.000000,90.000000,top
"R133","1k","R_0603_1608Metric",16.000000,22.000000,0.000000,top
"R134","10k","R_0603_1608Metric",33.000000,26.000000,90.000000,top
"R135","1k","R_0603_1608Metric",62.000000,40.000000,90.000000,top
"R136","10k","R_0603_1608Metric",68.000000,51.000000,90.000000,top
"R137","10k","R_0603_1608Metric",68.000000,17.000000,90.000000,top
"R138","100k","R_0603_1608Metric",29.000000,16.000000,90.000000,top
"R139","10k","R_0603_1608Metric",49.000000,28.000000,90.000000,top
"R140","10k","R_0603_1608Metric",52.000000,36.000000,0.000000,top
"R141","10k","R_0603_1608Metric",58.000000,30.500000,90.000000,top
"SW1","JS102011SAQN","SW_SPDT_CK_JS102011SAQN",8.000000,22.000000,0.000000,top
"U1","TB6612FNG","TB6612FNG_SSOP24_5.6x7.8_P0.65",76.000000,56.000000,180.000000,top
"U2","TB6612FNG","TB6612FNG_SSOP24_5.6x7.8_P0.65",76.000000,22.000000,180.000000,top
"U3","SN74LVC07APWR","TSSOP-14_4.4x5mm_P0.65mm",28.000000,56.000000,0.000000,top
"U4","TPS3431SDRBR","TPS3431_DRB8_3x3_P0.65",28.000000,33.000000,0.000000,top
"U5","SN74LVC1G74DCUR","TI_DCU0008A",45.000000,31.000000,0.000000,top
"U6","SN74LVC11APWR","TSSOP-14_4.4x5mm_P0.65mm",53.000000,42.000000,0.000000,top
"U7","TPS3839G33DBZR","SOT-23",26.000000,17.000000,0.000000,top
"U8","SN74LVC2G17DBVR","SOT-23-6",37.000000,22.000000,0.000000,top
"U9","SN74LVC2G17DBVR","SOT-23-6",51.000000,23.000000,0.000000,top
"U10","SN74LVC1G07DBVR","SOT-23-5",62.000000,35.000000,0.000000,top
"U11","TPS3700","SOT-23-6",54.000000,16.000000,0.000000,top
"U12","SN74LVC2G17DBVR","SOT-23-6",36.000000,42.000000,0.000000,top
