"Feature_type","Reference","Pad_number","Net","UUID","Native_X_mm","Native_Y_mm","Export_X_mm","Export_Y_mm","Drill_X_mm","Drill_Y_mm","Board_layers","Paste_layer","Paste_references","Paste_aperture_UUIDs","Required_process","Source_PCB_SHA256"
"routed_via","(via)","","GND","43569643-41ca-4405-be9d-e10b4d546856","122.0","65.5","72.0","84.5","0.3","0.3","F.Cu,B.Cu","F.Paste","U20.9","aa27e4ed-8b43-4ef7-ba34-23fa91d871d4","Filled, capped and planarized; material, cap and planarity subject to later qualified vendor agreement","3eb423b15c766e0647403a8f4eb8eeb2b4a45bfc8c8c5f838797a18a8cf6e116"
"routed_via","(via)","","FL_IPROPI","802b1042-534d-42fc-98f8-a9751d1c9823","130.6","68.3","80.6","81.7","0.3","0.3","F.Cu,B.Cu","F.Paste","R22.1","72bc5f9b-e9d7-4888-b102-42d87f53007b","Filled, capped and planarized; material, cap and planarity subject to later qualified vendor agreement","3eb423b15c766e0647403a8f4eb8eeb2b4a45bfc8c8c5f838797a18a8cf6e116"
"routed_via","(via)","","FEED_ENABLE","5da0e151-0271-4cc1-ab0e-b5d01dbf4a12","124.05","93.75","74.05","56.25","0.3","0.3","F.Cu,B.Cu","F.Paste","R27.1","e70718c7-7ffa-4acb-8319-d756e2910202","Filled, capped and planarized; material, cap and planarity subject to later qualified vendor agreement","3eb423b15c766e0647403a8f4eb8eeb2b4a45bfc8c8c5f838797a18a8cf6e116"
"routed_via","(via)","","BL_IPROPI","0f268382-47e5-41ea-a4c6-64a937e72559","130.1","106.05","80.1","43.95","0.3","0.3","F.Cu,B.Cu","F.Paste","R30.1","ca24563e-9f0f-463b-860c-13968aa69fc0","Filled, capped and planarized; material, cap and planarity subject to later qualified vendor agreement","3eb423b15c766e0647403a8f4eb8eeb2b4a45bfc8c8c5f838797a18a8cf6e116"
"routed_via","(via)","","EFUSE_UV","76da44d6-bb27-4ac5-b86f-815f5c8f141e","79.9","111.0","29.9","39.0","0.3","0.3","F.Cu,B.Cu","F.Paste","R40.2","e8c5ee72-0313-4051-9e79-b6737c2e5cc5","Filled, capped and planarized; material, cap and planarity subject to later qualified vendor agreement","3eb423b15c766e0647403a8f4eb8eeb2b4a45bfc8c8c5f838797a18a8cf6e116"
"routed_via","(via)","","FUSED_IN","80f607cd-8088-4494-819c-72c99b96f812","73.55","115.65","23.55","34.35","0.3","0.3","F.Cu,B.Cu","F.Paste","Q1.(aperture)","0781ca00-8145-4f8e-a2ff-3ee530a15e29","Filled, capped and planarized; material, cap and planarity subject to later qualified vendor agreement","3eb423b15c766e0647403a8f4eb8eeb2b4a45bfc8c8c5f838797a18a8cf6e116"
"routed_via","(via)","","EFUSE_DRV","5a0910c9-54b9-4ec7-9f00-b474f85c0960","72.05","121.05","22.05","28.95","0.3","0.3","F.Cu,B.Cu","F.Paste","Q2.1","90380e3d-5726-4d9d-8b64-572aa38d2e60","Filled, capped and planarized; material, cap and planarity subject to later qualified vendor agreement","3eb423b15c766e0647403a8f4eb8eeb2b4a45bfc8c8c5f838797a18a8cf6e116"
"routed_via","(via)","","EFUSE_BGATE","6c9b1525-9cf1-480e-bbd3-47b8df1cb77e","74.1","121.85","24.1","28.15","0.3","0.3","F.Cu,B.Cu","F.Paste","Q2.3","fb8c1f98-e603-4122-a93a-2e9b81a3361b","Filled, capped and planarized; material, cap and planarity subject to later qualified vendor agreement","3eb423b15c766e0647403a8f4eb8eeb2b4a45bfc8c8c5f838797a18a8cf6e116"
"routed_via","(via)","","EFUSE_PG_SENSE","a327b0ed-4134-4057-a333-80fdf4854a3c","81.1","127.5","31.1","22.5","0.3","0.3","F.Cu,B.Cu","F.Paste","R46.1","3b715c7b-d6f3-4e46-86ef-511407594f59","Filled, capped and planarized; material, cap and planarity subject to later qualified vendor agreement","3eb423b15c766e0647403a8f4eb8eeb2b4a45bfc8c8c5f838797a18a8cf6e116"
"plated_component_or_thermal_pad","U13","25","GND","0330a3d0-6b68-476a-a308-cae5a6d7c62e","83.3","114.3","33.3","35.7","0.3","0.3","F.Cu,B.Cu","F.Paste","U13.(aperture)","96129a13-e67c-43e1-ac3e-576685c94613","Filled, capped and planarized; material, cap and planarity subject to later qualified vendor agreement","3eb423b15c766e0647403a8f4eb8eeb2b4a45bfc8c8c5f838797a18a8cf6e116"
"plated_component_or_thermal_pad","U13","25","GND","9ff9b85b-b24c-496e-80e9-14da3ae73b42","84.7","114.3","34.7","35.7","0.3","0.3","F.Cu,B.Cu","F.Paste","U13.(aperture)","0ea0b914-f87f-436e-ac1c-b47266d0597a","Filled, capped and planarized; material, cap and planarity subject to later qualified vendor agreement","3eb423b15c766e0647403a8f4eb8eeb2b4a45bfc8c8c5f838797a18a8cf6e116"
"plated_component_or_thermal_pad","U13","25","GND","28977aab-e3e7-4aaf-b6b0-f0851754e006","83.3","115.7","33.3","34.3","0.3","0.3","F.Cu,B.Cu","F.Paste","U13.(aperture)","ee8c80c2-0e14-4629-a1e8-2b6bcb63ffa1","Filled, capped and planarized; material, cap and planarity subject to later qualified vendor agreement","3eb423b15c766e0647403a8f4eb8eeb2b4a45bfc8c8c5f838797a18a8cf6e116"
"plated_component_or_thermal_pad","U13","25","GND","70137ac7-34ae-4f1d-974c-f286a5e51704","84.7","115.7","34.7","34.3","0.3","0.3","F.Cu,B.Cu","F.Paste","U13.(aperture)","7414e915-8157-424e-86fc-64fbcb28c037","Filled, capped and planarized; material, cap and planarity subject to later qualified vendor agreement","3eb423b15c766e0647403a8f4eb8eeb2b4a45bfc8c8c5f838797a18a8cf6e116"
